experiment,algorithm,baseline,initialization,activation,optimizer,setting,n_seeds,horizon,seed_123,seed_456,seed_789,source_root
Untreated initialization,REINFORCE,off,"Glorot, uncentered",ReLU / ReLU,SGD,LR=1e-07,3,500,ZI,ZI,ZI,untreated_reinforce_123; untreated_reinforce_456_789
Untreated initialization,REINFORCE,off,"Glorot, uncentered",ReLU / ReLU,SGD,LR=1e-06,3,500,ZI,ZI,ZI,untreated_reinforce_123; untreated_reinforce_456_789
Untreated initialization,REINFORCE,off,"Glorot, uncentered",ReLU / ReLU,SGD,LR=1e-05,3,500,ZI,ZI,ZI,untreated_reinforce_123; untreated_reinforce_456_789
Untreated initialization,REINFORCE,on,"Glorot, uncentered",ReLU / ReLU,SGD,LR=1e-07,3,500,ZI,ZI,ZI,untreated_reinforce_123; untreated_reinforce_456_789
Untreated initialization,REINFORCE,on,"Glorot, uncentered",ReLU / ReLU,SGD,LR=1e-06,3,500,ZI,ZI,ZI,untreated_reinforce_123; untreated_reinforce_456_789
Untreated initialization,REINFORCE,on,"Glorot, uncentered",ReLU / ReLU,SGD,LR=1e-05,3,500,EC,ZI,ZI,untreated_reinforce_123; untreated_reinforce_456_789
Untreated initialization,ActorCritic,state-value critic,"Glorot, uncentered",ReLU / ReLU,SGD,LR=1e-09,3,500,NF,ZI,ZI,untreated_actor_critic
Untreated initialization,ActorCritic,state-value critic,"Glorot, uncentered",ReLU / ReLU,SGD,LR=1e-08,3,500,NF,ZI,ZI,untreated_actor_critic
Untreated initialization,ActorCritic,state-value critic,"Glorot, uncentered",ReLU / ReLU,SGD,LR=1e-07,3,500,NF,ZI,ZI,untreated_actor_critic
Bias-centered Glorot,REINFORCE,off,Glorot with centered bias,ReLU / ReLU,SGD,LR=1e-07,3,500,EC,DC,ZI,bias_reinforce
Bias-centered Glorot,REINFORCE,off,Glorot with centered bias,ReLU / ReLU,SGD,LR=1e-06,3,500,FI,EC,ZI,bias_reinforce
Bias-centered Glorot,REINFORCE,off,Glorot with centered bias,ReLU / ReLU,SGD,LR=1e-05,3,500,NF,NF,ZI,bias_reinforce
Bias-centered Glorot,REINFORCE,on,Glorot with centered bias,ReLU / ReLU,SGD,LR=1e-07,3,500,EC,DC,ZI,bias_reinforce
Bias-centered Glorot,REINFORCE,on,Glorot with centered bias,ReLU / ReLU,SGD,LR=1e-06,3,500,FI,EC,ZI,bias_reinforce
Bias-centered Glorot,REINFORCE,on,Glorot with centered bias,ReLU / ReLU,SGD,LR=1e-05,3,500,NF,NF,ZI,bias_reinforce
Bias-centered Glorot,ActorCritic,state-value critic,Glorot with centered bias,ReLU / ReLU,SGD,LR=1e-09,3,500,FI,SH,ZI,bias_actor_critic
Bias-centered Glorot,ActorCritic,state-value critic,Glorot with centered bias,ReLU / ReLU,SGD,LR=1e-08,3,500,FI,DC,ZI,bias_actor_critic
Bias-centered Glorot,ActorCritic,state-value critic,Glorot with centered bias,ReLU / ReLU,SGD,LR=1e-07,3,500,NF,EC,ZI,bias_actor_critic
Control 2,REINFORCE,off,Centered zero head,ReLU / ReLU,SGD,LR=1e-07,3,500,EC,EC,EC,control_reinforce
Control 2,REINFORCE,off,Centered zero head,ReLU / ReLU,SGD,LR=1e-06,3,500,EC,EC,LL,control_reinforce
Control 2,REINFORCE,off,Centered zero head,ReLU / ReLU,SGD,LR=1e-05,3,500,FI,FI,FI,control_reinforce
Control 2,REINFORCE,on,Centered zero head,ReLU / ReLU,SGD,LR=1e-07,3,500,EC,EC,EC,control_reinforce
Control 2,REINFORCE,on,Centered zero head,ReLU / ReLU,SGD,LR=1e-06,3,500,EC,EC,LL,control_reinforce
Control 2,REINFORCE,on,Centered zero head,ReLU / ReLU,SGD,LR=1e-05,3,500,FI,FI,FI,control_reinforce
Control 2,ActorCritic,state-value critic,Centered zero head,ReLU / ReLU,SGD,LR=1e-09,3,500,SH,SH,SH,control_actor_critic
Control 2,ActorCritic,state-value critic,Centered zero head,ReLU / ReLU,SGD,LR=1e-08,3,500,DC,DC,DC,control_actor_critic
Control 2,ActorCritic,state-value critic,Centered zero head,ReLU / ReLU,SGD,LR=1e-07,3,500,EC,EC,EC,control_actor_critic
Smooth parameterization,REINFORCE,off,Centered zero head,ReLU / ReLU,SGD,LR=1e-07,3,500,EC,EC,EC,control_reinforce
Smooth parameterization,REINFORCE,off,Centered zero head,ReLU / ReLU,SGD,LR=1e-06,3,500,EC,EC,LL,control_reinforce
Smooth parameterization,REINFORCE,off,Centered zero head,ReLU / ReLU,SGD,LR=1e-05,3,500,FI,FI,FI,control_reinforce
Smooth parameterization,REINFORCE,on,Centered zero head,ReLU / ReLU,SGD,LR=1e-07,3,500,EC,EC,EC,control_reinforce
Smooth parameterization,REINFORCE,on,Centered zero head,ReLU / ReLU,SGD,LR=1e-06,3,500,EC,EC,LL,control_reinforce
Smooth parameterization,REINFORCE,on,Centered zero head,ReLU / ReLU,SGD,LR=1e-05,3,500,FI,FI,FI,control_reinforce
Smooth parameterization,ActorCritic,state-value critic,Centered zero head,ReLU / ReLU,SGD,LR=1e-09,3,500,SH,SH,SH,control_actor_critic
Smooth parameterization,ActorCritic,state-value critic,Centered zero head,ReLU / ReLU,SGD,LR=1e-08,3,500,DC,DC,DC,control_actor_critic
Smooth parameterization,ActorCritic,state-value critic,Centered zero head,ReLU / ReLU,SGD,LR=1e-07,3,500,EC,EC,EC,control_actor_critic
Smooth parameterization,REINFORCE,off,Centered zero head,ReLU / softplus,SGD,LR=1e-07,3,500,LL,SH,SH,smooth_reinforce
Smooth parameterization,REINFORCE,off,Centered zero head,ReLU / softplus,SGD,LR=1e-06,3,500,SH,SH,SH,smooth_reinforce
Smooth parameterization,REINFORCE,off,Centered zero head,ReLU / softplus,SGD,LR=1e-05,3,500,SH,SH,SH,smooth_reinforce
Smooth parameterization,REINFORCE,on,Centered zero head,ReLU / softplus,SGD,LR=1e-07,3,500,LL,LL,SH,smooth_reinforce
Smooth parameterization,REINFORCE,on,Centered zero head,ReLU / softplus,SGD,LR=1e-06,3,500,SH,SH,SH,smooth_reinforce
Smooth parameterization,REINFORCE,on,Centered zero head,ReLU / softplus,SGD,LR=1e-05,3,500,SH,SH,SH,smooth_reinforce
Smooth parameterization,ActorCritic,state-value critic,Centered zero head,ReLU / softplus,SGD,LR=1e-09,3,500,FI,FI,FI,smooth_actor_critic
Smooth parameterization,ActorCritic,state-value critic,Centered zero head,ReLU / softplus,SGD,LR=1e-08,3,500,LL,FI,FI,smooth_actor_critic
Smooth parameterization,ActorCritic,state-value critic,Centered zero head,ReLU / softplus,SGD,LR=1e-07,3,500,SH,SH,SH,smooth_actor_critic
Smooth parameterization,REINFORCE,off,Centered zero head,ELU / softplus,SGD,LR=1e-07,3,500,SH,SH,SH,smooth_reinforce
Smooth parameterization,REINFORCE,off,Centered zero head,ELU / softplus,SGD,LR=1e-06,3,500,SH,SH,SH,smooth_reinforce
Smooth parameterization,REINFORCE,off,Centered zero head,ELU / softplus,SGD,LR=1e-05,3,500,SH,SH,SH,smooth_reinforce
Smooth parameterization,REINFORCE,on,Centered zero head,ELU / softplus,SGD,LR=1e-07,3,500,SH,LL,SH,smooth_reinforce
Smooth parameterization,REINFORCE,on,Centered zero head,ELU / softplus,SGD,LR=1e-06,3,500,SH,SH,SH,smooth_reinforce
Smooth parameterization,REINFORCE,on,Centered zero head,ELU / softplus,SGD,LR=1e-05,3,500,SH,SH,SH,smooth_reinforce
Smooth parameterization,ActorCritic,state-value critic,Centered zero head,ELU / softplus,SGD,LR=1e-09,3,500,FI,FI,FI,smooth_actor_critic
Smooth parameterization,ActorCritic,state-value critic,Centered zero head,ELU / softplus,SGD,LR=1e-08,3,500,LL,FI,LL,smooth_actor_critic
Smooth parameterization,ActorCritic,state-value critic,Centered zero head,ELU / softplus,SGD,LR=1e-07,3,500,SH,SH,SH,smooth_actor_critic
Fixed high-rate SGD,REINFORCE,off,Centered zero head,ReLU / softplus,SGD,LR=3e-04,3,200,FI,FI,FI,fixed_sgd_reinforce
Fixed high-rate SGD,REINFORCE,off,Centered zero head,ReLU / softplus,SGD,LR=1e-03,3,200,FI,FI,NF,fixed_sgd_reinforce
Fixed high-rate SGD,REINFORCE,on,Centered zero head,ReLU / softplus,SGD,LR=3e-04,3,200,NF,FI,FI,fixed_sgd_reinforce
Fixed high-rate SGD,REINFORCE,on,Centered zero head,ReLU / softplus,SGD,LR=1e-03,3,200,NF,FI,NF,fixed_sgd_reinforce
Fixed high-rate SGD,ActorCritic,state-value critic,Centered zero head,ReLU / softplus,SGD,LR=3e-04,3,200,FI,NF,FI,fixed_sgd_actor_critic
Fixed high-rate SGD,ActorCritic,state-value critic,Centered zero head,ReLU / softplus,SGD,LR=1e-03,3,200,FI,EC,FI,fixed_sgd_actor_critic
Fixed high-rate SGD,ActorCritic,state-value critic,Centered zero head,ReLU / softplus,SGD,LR=3e-03,3,200,FI,FI,FI,fixed_sgd_actor_critic
Fixed high-rate Adam,REINFORCE,off,Centered zero head,ReLU / softplus,Adam,LR=3e-04,3,1000,SH,LL,SH,fixed_adam_reinforce
Fixed high-rate Adam,REINFORCE,off,Centered zero head,ReLU / softplus,Adam,LR=1e-03,3,1000,SH,SH,SH,fixed_adam_reinforce
Fixed high-rate Adam,REINFORCE,on,Centered zero head,ReLU / softplus,Adam,LR=3e-04,3,1000,SH,LL,SH,fixed_adam_reinforce
Fixed high-rate Adam,REINFORCE,on,Centered zero head,ReLU / softplus,Adam,LR=1e-03,3,1000,SH,SH,SH,fixed_adam_reinforce
Fixed high-rate Adam,ActorCritic,state-value critic,Centered zero head,ReLU / softplus,Adam,LR=3e-04,3,1000,DC,SH,SH,fixed_adam_actor_critic
Fixed high-rate Adam,ActorCritic,state-value critic,Centered zero head,ReLU / softplus,Adam,LR=1e-03,3,1000,DC,SH,DC,fixed_adam_actor_critic
Fixed high-rate Adam,ActorCritic,state-value critic,Centered zero head,ReLU / softplus,Adam,LR=3e-03,3,1000,EC,DC,EC,fixed_adam_actor_critic
Matched fixed-rate SGD vs. Adam,ActorCritic,state-value critic,Centered zero head,ReLU / softplus,Adam,LR=3e-04,3,1000,DC,SH,SH,matched_fixed_optimizer
Matched fixed-rate SGD vs. Adam,ActorCritic,state-value critic,Centered zero head,ReLU / softplus,Adam,LR=1e-03,3,1000,DC,SH,DC,matched_fixed_optimizer
Matched fixed-rate SGD vs. Adam,ActorCritic,state-value critic,Centered zero head,ReLU / softplus,Adam,LR=3e-03,3,1000,EC,DC,EC,matched_fixed_optimizer
Matched fixed-rate SGD vs. Adam,ActorCritic,state-value critic,Centered zero head,ReLU / softplus,SGD,LR=1e-07,3,1000,SH,SH,SH,matched_fixed_optimizer
Matched fixed-rate SGD vs. Adam,ActorCritic,state-value critic,Centered zero head,ReLU / softplus,SGD,LR=1e-06,3,1000,DC,DC,DC,matched_fixed_optimizer
Matched fixed-rate SGD vs. Adam,ActorCritic,state-value critic,Centered zero head,ReLU / softplus,SGD,LR=1e-05,3,1000,EC,EC,EC,matched_fixed_optimizer
Matched fixed-rate SGD vs. Adam,REINFORCE,off,Centered zero head,ReLU / softplus,Adam,LR=3e-04,3,1000,SH,LL,SH,matched_fixed_optimizer
Matched fixed-rate SGD vs. Adam,REINFORCE,off,Centered zero head,ReLU / softplus,Adam,LR=3e-03,3,1000,SH,SH,SH,matched_fixed_optimizer
Matched fixed-rate SGD vs. Adam,REINFORCE,off,Centered zero head,ReLU / softplus,Adam,LR=1e-02,3,1000,SH,SH,EC,matched_fixed_optimizer
Matched fixed-rate SGD vs. Adam,REINFORCE,off,Centered zero head,ReLU / softplus,SGD,LR=1e-07,3,1000,SH,SH,SH,matched_fixed_optimizer
Matched fixed-rate SGD vs. Adam,REINFORCE,off,Centered zero head,ReLU / softplus,SGD,LR=1e-05,3,1000,SH,SH,SH,matched_fixed_optimizer
Matched fixed-rate SGD vs. Adam,REINFORCE,off,Centered zero head,ReLU / softplus,SGD,LR=1e-04,3,1000,EC,DC,FI,matched_fixed_optimizer
Matched fixed-rate SGD vs. Adam,REINFORCE,on,Centered zero head,ReLU / softplus,Adam,LR=3e-04,3,1000,SH,LL,SH,matched_fixed_optimizer
Matched fixed-rate SGD vs. Adam,REINFORCE,on,Centered zero head,ReLU / softplus,Adam,LR=3e-03,3,1000,SH,SH,SH,matched_fixed_optimizer
Matched fixed-rate SGD vs. Adam,REINFORCE,on,Centered zero head,ReLU / softplus,Adam,LR=1e-02,3,1000,SH,SH,LL,matched_fixed_optimizer
Matched fixed-rate SGD vs. Adam,REINFORCE,on,Centered zero head,ReLU / softplus,SGD,LR=1e-07,3,1000,SH,SH,SH,matched_fixed_optimizer
Matched fixed-rate SGD vs. Adam,REINFORCE,on,Centered zero head,ReLU / softplus,SGD,LR=1e-05,3,1000,SH,SH,SH,matched_fixed_optimizer
Matched fixed-rate SGD vs. Adam,REINFORCE,on,Centered zero head,ReLU / softplus,SGD,LR=1e-04,3,1000,FI,NF,FI,matched_fixed_optimizer
Isolated adaptive step size,REINFORCE,off,Centered zero head,ReLU / ReLU,adaptive SGD,epsilon=1e-08,3,1000,SH,SH,SH,adaptive_reinforce
Isolated adaptive step size,REINFORCE,off,Centered zero head,ReLU / ReLU,adaptive SGD,epsilon=1e-07,3,1000,SH,SH,SH,adaptive_reinforce
Isolated adaptive step size,REINFORCE,off,Centered zero head,ReLU / ReLU,adaptive SGD,epsilon=1e-06,3,1000,SH,SH,SH,adaptive_reinforce
Isolated adaptive step size,REINFORCE,on,Centered zero head,ReLU / ReLU,adaptive SGD,epsilon=1e-08,3,1000,SH,SH,SH,adaptive_reinforce
Isolated adaptive step size,REINFORCE,on,Centered zero head,ReLU / ReLU,adaptive SGD,epsilon=1e-07,3,1000,SH,SH,SH,adaptive_reinforce
Isolated adaptive step size,REINFORCE,on,Centered zero head,ReLU / ReLU,adaptive SGD,epsilon=1e-06,3,1000,SH,SH,SH,adaptive_reinforce
Isolated adaptive step size,ActorCritic,state-value critic,Centered zero head,ReLU / ReLU,adaptive SGD,epsilon=1e-08,3,1000,LL,SH,SH,adaptive_actor_critic
Isolated adaptive step size,ActorCritic,state-value critic,Centered zero head,ReLU / ReLU,adaptive SGD,epsilon=1e-07,3,1000,SH,SH,SH,adaptive_actor_critic
Isolated adaptive step size,ActorCritic,state-value critic,Centered zero head,ReLU / ReLU,adaptive SGD,epsilon=1e-06,3,1000,DC,DC,SH,adaptive_actor_critic
Combined treatment,REINFORCE,off,Centered zero head,ReLU / softplus,adaptive SGD,epsilon=3e-06,3,1000,SH,SH,SH,combined_reinforce
Combined treatment,REINFORCE,off,Centered zero head,ReLU / softplus,adaptive SGD,epsilon=1e-05,3,1000,SH,SH,SH,combined_reinforce
Combined treatment,REINFORCE,off,Centered zero head,ReLU / softplus,adaptive SGD,epsilon=3e-05,3,1000,SH,SH,SH,combined_reinforce
Combined treatment,REINFORCE,on,Centered zero head,ReLU / softplus,adaptive SGD,epsilon=3e-06,3,1000,SH,LL,SH,combined_reinforce
Combined treatment,REINFORCE,on,Centered zero head,ReLU / softplus,adaptive SGD,epsilon=1e-05,3,1000,SH,SH,SH,combined_reinforce
Combined treatment,REINFORCE,on,Centered zero head,ReLU / softplus,adaptive SGD,epsilon=3e-05,3,1000,SH,SH,SH,combined_reinforce
Combined treatment,ActorCritic,state-value critic,Centered zero head,ReLU / softplus,adaptive SGD,epsilon=3e-06,3,1000,SH,SH,SH,combined_actor_critic
Combined treatment,ActorCritic,state-value critic,Centered zero head,ReLU / softplus,adaptive SGD,epsilon=1e-05,3,1000,DC,SH,DC,combined_actor_critic
Combined treatment,ActorCritic,state-value critic,Centered zero head,ReLU / softplus,adaptive SGD,epsilon=3e-05,3,1000,DC,DC,DC,combined_actor_critic
