group,sweep_spec,algorithm,baseline,optimizer,run,seed,learning_rate,config_path,config_sha256,result_dir,completion_record,failure_record,parquet_count,config_mismatches,epochs_observed,complete_epochs,finite_metrics,fixed_rate_identity,reward_min,reward_max,final100_mean,peak_reward,outcome
reinforce_baseline_off_sgd,configs/reinforce_fixed_sgd_matched_full.yaml,REINFORCE,off,sgd,run_0001,123,1e-07,sweeps/reinforce_fixed_sgd_matched_full/configs/run_0001.yaml,f669f79f887d02ca6068171ef5aa35aa4d55f26b7ae0077db62e09781d3ecba6,results/staging/paper_followup/fixed_optimizer_matched/full/reinforce_fixed_sgd_matched_full/run_0001,True,False,1,,1000,True,True,True,-0.1479203850030899,13.658191680908203,12.555233001708984,13.658191680908203,sustained_material_reward
reinforce_baseline_off_sgd,configs/reinforce_fixed_sgd_matched_full.yaml,REINFORCE,off,sgd,run_0002,456,1e-07,sweeps/reinforce_fixed_sgd_matched_full/configs/run_0002.yaml,3da3dd010e59f4e5aa9a86be9b5f84854ab56e3bb980789e20c14b19473aa2f2,results/staging/paper_followup/fixed_optimizer_matched/full/reinforce_fixed_sgd_matched_full/run_0002,True,False,1,,1000,True,True,True,-0.17308646440505981,9.281957626342773,8.562877655029297,9.281957626342773,sustained_material_reward
reinforce_baseline_off_sgd,configs/reinforce_fixed_sgd_matched_full.yaml,REINFORCE,off,sgd,run_0003,789,1e-07,sweeps/reinforce_fixed_sgd_matched_full/configs/run_0003.yaml,fa3a2dd37aea66514bd805c82b7ea7c9d5245516a571346af7901e526c029dd7,results/staging/paper_followup/fixed_optimizer_matched/full/reinforce_fixed_sgd_matched_full/run_0003,True,False,1,,1000,True,True,True,-0.21869133412837982,9.671849250793457,8.936161041259766,9.671849250793457,sustained_material_reward
reinforce_baseline_off_sgd,configs/reinforce_fixed_sgd_matched_full.yaml,REINFORCE,off,sgd,run_0004,123,1e-05,sweeps/reinforce_fixed_sgd_matched_full/configs/run_0004.yaml,2770e63d84658d4d1d6e9dff835f6bd0283c365fc8d4e5629397a282c3230eb6,results/staging/paper_followup/fixed_optimizer_matched/full/reinforce_fixed_sgd_matched_full/run_0004,True,False,1,,1000,True,True,True,-2.476382255554199,21.39962387084961,16.792238235473633,21.39962387084961,sustained_material_reward
reinforce_baseline_off_sgd,configs/reinforce_fixed_sgd_matched_full.yaml,REINFORCE,off,sgd,run_0005,456,1e-05,sweeps/reinforce_fixed_sgd_matched_full/configs/run_0005.yaml,d003d70493d26282187cc006f4a540ff82d12a0e38e8053e1208606bcdd376b2,results/staging/paper_followup/fixed_optimizer_matched/full/reinforce_fixed_sgd_matched_full/run_0005,True,False,1,,1000,True,True,True,-36.76786804199219,21.63055419921875,18.11412811279297,21.63055419921875,sustained_material_reward
reinforce_baseline_off_sgd,configs/reinforce_fixed_sgd_matched_full.yaml,REINFORCE,off,sgd,run_0006,789,1e-05,sweeps/reinforce_fixed_sgd_matched_full/configs/run_0006.yaml,e70f2112eb1ce20a4b52860fb4c1e705a24aa206fdab7521fef190425b6ed346,results/staging/paper_followup/fixed_optimizer_matched/full/reinforce_fixed_sgd_matched_full/run_0006,True,False,1,,1000,True,True,True,-19.284591674804688,21.603290557861328,17.339378356933594,21.603290557861328,sustained_material_reward
reinforce_baseline_off_sgd,configs/reinforce_fixed_sgd_matched_full.yaml,REINFORCE,off,sgd,run_0007,123,0.0001,sweeps/reinforce_fixed_sgd_matched_full/configs/run_0007.yaml,9b33cda89121a84ba9a472fb5edc5a49f4a8ba5ffd5c7538972c48d15fd30288,results/staging/paper_followup/fixed_optimizer_matched/full/reinforce_fixed_sgd_matched_full/run_0007,True,False,1,,1000,True,True,True,-79.15117645263672,18.817153930664062,0.0,18.817153930664062,terminal_collapse
reinforce_baseline_off_sgd,configs/reinforce_fixed_sgd_matched_full.yaml,REINFORCE,off,sgd,run_0008,456,0.0001,sweeps/reinforce_fixed_sgd_matched_full/configs/run_0008.yaml,a5aa8cb424810686e0136e1076d90dcb0137ba010dddb924492843c94bd18d2e,results/staging/paper_followup/fixed_optimizer_matched/full/reinforce_fixed_sgd_matched_full/run_0008,True,False,1,,1000,True,True,True,-12.595505714416504,19.512100219726562,0.013639964163303375,19.512100219726562,terminal_collapse
reinforce_baseline_off_sgd,configs/reinforce_fixed_sgd_matched_full.yaml,REINFORCE,off,sgd,run_0009,789,0.0001,sweeps/reinforce_fixed_sgd_matched_full/configs/run_0009.yaml,045797d75d6290d3794b63fe353387bbac134995bddf4dcf61e945cd8cada8e6,results/staging/paper_followup/fixed_optimizer_matched/full/reinforce_fixed_sgd_matched_full/run_0009,True,False,1,,1000,True,True,True,-120.5528793334961,0.0,0.0,0.0,underpowered_or_low_reward
reinforce_baseline_off_adam,configs/reinforce_fixed_adam_matched_full.yaml,REINFORCE,off,adam,run_0001,123,0.0003,sweeps/reinforce_fixed_adam_matched_full/configs/run_0001.yaml,28f3da76e288c9ea306fe757a24e3cdc70e60fdf1816ab70ac580daca546cf05,results/staging/paper_followup/fixed_optimizer_matched/full/reinforce_fixed_adam_matched_full/run_0001,True,False,1,,1000,True,True,True,-0.26294028759002686,20.109535217285156,19.397598266601562,20.109535217285156,sustained_material_reward
reinforce_baseline_off_adam,configs/reinforce_fixed_adam_matched_full.yaml,REINFORCE,off,adam,run_0002,456,0.0003,sweeps/reinforce_fixed_adam_matched_full/configs/run_0002.yaml,57f133cd2a083e94665f6ceb89772fa21a8fdd7df4a985ae8c195da858754c52,results/staging/paper_followup/fixed_optimizer_matched/full/reinforce_fixed_adam_matched_full/run_0002,True,False,1,,1000,True,True,True,-0.287852019071579,4.248274326324463,3.700906991958618,4.248274326324463,underpowered_or_low_reward
reinforce_baseline_off_adam,configs/reinforce_fixed_adam_matched_full.yaml,REINFORCE,off,adam,run_0003,789,0.0003,sweeps/reinforce_fixed_adam_matched_full/configs/run_0003.yaml,05af7e2945757a3d036fefb547684adc507bc095a8976dd5366b80f1c83be15f,results/staging/paper_followup/fixed_optimizer_matched/full/reinforce_fixed_adam_matched_full/run_0003,True,False,1,,1000,True,True,True,-0.21578659117221832,20.37821388244629,19.69378089904785,20.37821388244629,sustained_material_reward
reinforce_baseline_off_adam,configs/reinforce_fixed_adam_matched_full.yaml,REINFORCE,off,adam,run_0004,123,0.003,sweeps/reinforce_fixed_adam_matched_full/configs/run_0004.yaml,71da76622c7843620e8a4c10c1ecbdd0009d558ba5310f2024642fc660830bcf,results/staging/paper_followup/fixed_optimizer_matched/full/reinforce_fixed_adam_matched_full/run_0004,True,False,1,,1000,True,True,True,0.0682484433054924,22.7937068939209,19.771425247192383,22.7937068939209,sustained_material_reward
reinforce_baseline_off_adam,configs/reinforce_fixed_adam_matched_full.yaml,REINFORCE,off,adam,run_0005,456,0.003,sweeps/reinforce_fixed_adam_matched_full/configs/run_0005.yaml,943423f1f8f227f48473fdcb799f4e262a392882fde282fd521791c9c4927596,results/staging/paper_followup/fixed_optimizer_matched/full/reinforce_fixed_adam_matched_full/run_0005,True,False,1,,1000,True,True,True,-0.34868332743644714,20.850961685180664,19.959388732910156,20.850961685180664,sustained_material_reward
reinforce_baseline_off_adam,configs/reinforce_fixed_adam_matched_full.yaml,REINFORCE,off,adam,run_0006,789,0.003,sweeps/reinforce_fixed_adam_matched_full/configs/run_0006.yaml,02a3635f71a0be5a7fb909b555ea1ca78806859196802c6fb6f69310fee269df,results/staging/paper_followup/fixed_optimizer_matched/full/reinforce_fixed_adam_matched_full/run_0006,True,False,1,,1000,True,True,True,-0.42380812764167786,21.983667373657227,20.782756805419922,21.983667373657227,sustained_material_reward
reinforce_baseline_off_adam,configs/reinforce_fixed_adam_matched_full.yaml,REINFORCE,off,adam,run_0007,123,0.01,sweeps/reinforce_fixed_adam_matched_full/configs/run_0007.yaml,cea27174c9732ef18bf172bc5457b86c0428c3f1ac51e1f5e846cf8ee7b37075,results/staging/paper_followup/fixed_optimizer_matched/full/reinforce_fixed_adam_matched_full/run_0007,True,False,1,,1000,True,True,True,0.1275782734155655,22.907941818237305,21.082117080688477,22.907941818237305,sustained_material_reward
reinforce_baseline_off_adam,configs/reinforce_fixed_adam_matched_full.yaml,REINFORCE,off,adam,run_0008,456,0.01,sweeps/reinforce_fixed_adam_matched_full/configs/run_0008.yaml,9a880930aae3e8fb3279590479043298c18d466630f84b721139519957fe788c,results/staging/paper_followup/fixed_optimizer_matched/full/reinforce_fixed_adam_matched_full/run_0008,True,False,1,,1000,True,True,True,-0.8438168168067932,22.504297256469727,21.584121704101562,22.504297256469727,sustained_material_reward
reinforce_baseline_off_adam,configs/reinforce_fixed_adam_matched_full.yaml,REINFORCE,off,adam,run_0009,789,0.01,sweeps/reinforce_fixed_adam_matched_full/configs/run_0009.yaml,4c6445ed89c3d4311fbd6b869f2731b297d46d7f67f29702ad2012ecf51135c2,results/staging/paper_followup/fixed_optimizer_matched/full/reinforce_fixed_adam_matched_full/run_0009,True,False,1,,1000,True,True,True,-14.695074081420898,17.0595760345459,0.0,17.0595760345459,terminal_collapse
actor_critic_sgd,configs/actor_critic_fixed_sgd_matched_full.yaml,ActorCritic,state-value critic,sgd,run_0001,123,1e-07,sweeps/actor_critic_fixed_sgd_matched_full/configs/run_0001.yaml,88e72edfc8b3630e92bfe374694bd48327dce2c74de623c470666c0551ec7a42,results/staging/paper_followup/fixed_optimizer_matched/full/actor_critic_fixed_sgd_matched_full/run_0001,True,False,1,,1000,True,True,True,-0.325815886259079,13.279949188232422,12.512796401977539,13.279949188232422,sustained_material_reward
actor_critic_sgd,configs/actor_critic_fixed_sgd_matched_full.yaml,ActorCritic,state-value critic,sgd,run_0002,456,1e-07,sweeps/actor_critic_fixed_sgd_matched_full/configs/run_0002.yaml,0326888af2b0085d39a9b06c621030a3e7630162a9b8027b8106ce517ac72766,results/staging/paper_followup/fixed_optimizer_matched/full/actor_critic_fixed_sgd_matched_full/run_0002,True,False,1,,1000,True,True,True,-0.15392333269119263,9.088016510009766,8.5291748046875,9.088016510009766,sustained_material_reward
actor_critic_sgd,configs/actor_critic_fixed_sgd_matched_full.yaml,ActorCritic,state-value critic,sgd,run_0003,789,1e-07,sweeps/actor_critic_fixed_sgd_matched_full/configs/run_0003.yaml,74909d530f64827d08abe32feac004eadf4e7a70cbb00510fd4a536269be176b,results/staging/paper_followup/fixed_optimizer_matched/full/actor_critic_fixed_sgd_matched_full/run_0003,True,False,1,,1000,True,True,True,-0.19400230050086975,8.806862831115723,8.054533004760742,8.806862831115723,sustained_material_reward
actor_critic_sgd,configs/actor_critic_fixed_sgd_matched_full.yaml,ActorCritic,state-value critic,sgd,run_0004,123,1e-06,sweeps/actor_critic_fixed_sgd_matched_full/configs/run_0004.yaml,a7cf7fc2b62e7aa02847a065a004f5c83c98157592233f8d113204e3f041434f,results/staging/paper_followup/fixed_optimizer_matched/full/actor_critic_fixed_sgd_matched_full/run_0004,True,False,1,,1000,True,True,True,-0.3746858239173889,19.068449020385742,0.010734427720308304,19.068449020385742,terminal_collapse
actor_critic_sgd,configs/actor_critic_fixed_sgd_matched_full.yaml,ActorCritic,state-value critic,sgd,run_0005,456,1e-06,sweeps/actor_critic_fixed_sgd_matched_full/configs/run_0005.yaml,5aeb7b4b3c868219149438d0e2a5dc5b27f8c79265242fd08bd4cb76b8fa7be7,results/staging/paper_followup/fixed_optimizer_matched/full/actor_critic_fixed_sgd_matched_full/run_0005,True,False,1,,1000,True,True,True,-0.06028495728969574,20.05544090270996,0.10713864117860794,20.05544090270996,terminal_collapse
actor_critic_sgd,configs/actor_critic_fixed_sgd_matched_full.yaml,ActorCritic,state-value critic,sgd,run_0006,789,1e-06,sweeps/actor_critic_fixed_sgd_matched_full/configs/run_0006.yaml,a0a07af65041e411356fb7f2766021a991eef19c2f5dc7e6c1f660d2baae5505,results/staging/paper_followup/fixed_optimizer_matched/full/actor_critic_fixed_sgd_matched_full/run_0006,True,False,1,,1000,True,True,True,-0.20526069402694702,20.341554641723633,0.13908275961875916,20.341554641723633,terminal_collapse
actor_critic_sgd,configs/actor_critic_fixed_sgd_matched_full.yaml,ActorCritic,state-value critic,sgd,run_0007,123,1e-05,sweeps/actor_critic_fixed_sgd_matched_full/configs/run_0007.yaml,c2626a6a0087612e9975ac96141675186f76707e2e5777d2266e6409bc2030bc,results/staging/paper_followup/fixed_optimizer_matched/full/actor_critic_fixed_sgd_matched_full/run_0007,True,False,1,,1000,True,True,True,-5.014385223388672,19.11429786682129,0.0,19.11429786682129,terminal_collapse
actor_critic_sgd,configs/actor_critic_fixed_sgd_matched_full.yaml,ActorCritic,state-value critic,sgd,run_0008,456,1e-05,sweeps/actor_critic_fixed_sgd_matched_full/configs/run_0008.yaml,d2709ae3c9c11292e1b5910e14017fc3d439bcc3026c7bce0e8f3fb376decf3b,results/staging/paper_followup/fixed_optimizer_matched/full/actor_critic_fixed_sgd_matched_full/run_0008,True,False,1,,1000,True,True,True,-0.06028495728969574,19.73578453063965,0.0018874743254855275,19.73578453063965,terminal_collapse
actor_critic_sgd,configs/actor_critic_fixed_sgd_matched_full.yaml,ActorCritic,state-value critic,sgd,run_0009,789,1e-05,sweeps/actor_critic_fixed_sgd_matched_full/configs/run_0009.yaml,3cf4d6165efccad559a011ec190ba94f896a030729cdaf3961e1cf13337ac361,results/staging/paper_followup/fixed_optimizer_matched/full/actor_critic_fixed_sgd_matched_full/run_0009,True,False,1,,1000,True,True,True,-0.2583278715610504,19.474328994750977,0.002924456959590316,19.474328994750977,terminal_collapse
actor_critic_adam,configs/actor_critic_fixed_adam_matched_full.yaml,ActorCritic,state-value critic,adam,run_0001,123,0.0003,sweeps/actor_critic_fixed_adam_matched_full/configs/run_0001.yaml,70bf7624171a2072ca50c68608ecec1428201174126e6a8c6f5381cd88d5da12,results/staging/paper_followup/fixed_optimizer_matched/full/actor_critic_fixed_adam_matched_full/run_0001,True,False,1,,1000,True,True,True,-0.3915591537952423,19.592304229736328,0.025333227589726448,19.592304229736328,terminal_collapse
actor_critic_adam,configs/actor_critic_fixed_adam_matched_full.yaml,ActorCritic,state-value critic,adam,run_0002,456,0.0003,sweeps/actor_critic_fixed_adam_matched_full/configs/run_0002.yaml,2ad86d0ccafb16b0c5599a181f56e1ac456831357a780293bd5c0e18d2e47216,results/staging/paper_followup/fixed_optimizer_matched/full/actor_critic_fixed_adam_matched_full/run_0002,True,False,1,,1000,True,True,True,-0.24125228822231293,5.428072929382324,4.863113880157471,5.428072929382324,material_peak_limited_finish
actor_critic_adam,configs/actor_critic_fixed_adam_matched_full.yaml,ActorCritic,state-value critic,adam,run_0003,789,0.0003,sweeps/actor_critic_fixed_adam_matched_full/configs/run_0003.yaml,68761feb1b09e8beb47994e2fdaef570011aaf8f2eff12006bfe1e0c465d0770,results/staging/paper_followup/fixed_optimizer_matched/full/actor_critic_fixed_adam_matched_full/run_0003,True,False,1,,1000,True,True,True,-0.18671447038650513,19.824792861938477,18.223182678222656,19.824792861938477,sustained_material_reward
actor_critic_adam,configs/actor_critic_fixed_adam_matched_full.yaml,ActorCritic,state-value critic,adam,run_0004,123,0.001,sweeps/actor_critic_fixed_adam_matched_full/configs/run_0004.yaml,ab8d4a43c20073d014132d500d5b50271b9be0897547a3e46ad5f9cef323c139,results/staging/paper_followup/fixed_optimizer_matched/full/actor_critic_fixed_adam_matched_full/run_0004,True,False,1,,1000,True,True,True,-0.5330712199211121,19.42506980895996,0.0,19.42506980895996,terminal_collapse
actor_critic_adam,configs/actor_critic_fixed_adam_matched_full.yaml,ActorCritic,state-value critic,adam,run_0005,456,0.001,sweeps/actor_critic_fixed_adam_matched_full/configs/run_0005.yaml,00d35ef9c37cc8e5b3d0101402f6094430cd85a71cad892bbb85afd31189641f,results/staging/paper_followup/fixed_optimizer_matched/full/actor_critic_fixed_adam_matched_full/run_0005,True,False,1,,1000,True,True,True,-0.06799346953630447,18.665359497070312,17.618806838989258,18.665359497070312,sustained_material_reward
actor_critic_adam,configs/actor_critic_fixed_adam_matched_full.yaml,ActorCritic,state-value critic,adam,run_0006,789,0.001,sweeps/actor_critic_fixed_adam_matched_full/configs/run_0006.yaml,9fe53bc88d9bae9f4889210a88b627d1f1faa94479747d683b63ed723d5333f4,results/staging/paper_followup/fixed_optimizer_matched/full/actor_critic_fixed_adam_matched_full/run_0006,True,False,1,,1000,True,True,True,-0.18671447038650513,19.19162368774414,0.0009873125236481428,19.19162368774414,terminal_collapse
actor_critic_adam,configs/actor_critic_fixed_adam_matched_full.yaml,ActorCritic,state-value critic,adam,run_0007,123,0.003,sweeps/actor_critic_fixed_adam_matched_full/configs/run_0007.yaml,4499c07991ba77d34aa09950d9fb52a4168189ea91388607154264a09b32aa2c,results/staging/paper_followup/fixed_optimizer_matched/full/actor_critic_fixed_adam_matched_full/run_0007,True,False,1,,1000,True,True,True,-0.9425212740898132,19.188840866088867,0.49280890822410583,19.188840866088867,terminal_collapse
actor_critic_adam,configs/actor_critic_fixed_adam_matched_full.yaml,ActorCritic,state-value critic,adam,run_0008,456,0.003,sweeps/actor_critic_fixed_adam_matched_full/configs/run_0008.yaml,024909e10a415313c1cedd3c2439fe7a479d96a5c9f6570eebd9c689025fe22c,results/staging/paper_followup/fixed_optimizer_matched/full/actor_critic_fixed_adam_matched_full/run_0008,True,False,1,,1000,True,True,True,-0.06028495728969574,19.883163452148438,0.029442351311445236,19.883163452148438,terminal_collapse
actor_critic_adam,configs/actor_critic_fixed_adam_matched_full.yaml,ActorCritic,state-value critic,adam,run_0009,789,0.003,sweeps/actor_critic_fixed_adam_matched_full/configs/run_0009.yaml,b640a5f03b49ce49ded8415f11ba1a338085b8ac7f2cd847b6fe62149cc5eee0,results/staging/paper_followup/fixed_optimizer_matched/full/actor_critic_fixed_adam_matched_full/run_0009,True,False,1,,1000,True,True,True,-0.18671447038650513,16.612234115600586,0.0,16.612234115600586,terminal_collapse
reinforce_baseline_on_sgd,configs/reinforce_baseline_on_fixed_sgd_matched_full.yaml,REINFORCE,on,sgd,run_0001,123,1e-07,sweeps/reinforce_baseline_on_fixed_sgd_matched_full/configs/run_0001.yaml,7a352dffe47e324bf8e76bd92733b84d2bc5af0fc1566f507c0df0f61fd38a84,results/staging/paper_followup/fixed_optimizer_matched/baseline_on_full/reinforce_baseline_on_fixed_sgd_matched_full/run_0001,True,False,1,,1000,True,True,True,-0.1502506285905838,14.028298377990723,13.219535827636719,14.028298377990723,sustained_material_reward
reinforce_baseline_on_sgd,configs/reinforce_baseline_on_fixed_sgd_matched_full.yaml,REINFORCE,on,sgd,run_0002,456,1e-07,sweeps/reinforce_baseline_on_fixed_sgd_matched_full/configs/run_0002.yaml,1bb1408ac285bf28edcae475a6e6cc6ffcafa46d013bfa2cd05e02b6b6e34dfe,results/staging/paper_followup/fixed_optimizer_matched/baseline_on_full/reinforce_baseline_on_fixed_sgd_matched_full/run_0002,True,False,1,,1000,True,True,True,-0.17365235090255737,9.483306884765625,8.806839942932129,9.483306884765625,sustained_material_reward
reinforce_baseline_on_sgd,configs/reinforce_baseline_on_fixed_sgd_matched_full.yaml,REINFORCE,on,sgd,run_0003,789,1e-07,sweeps/reinforce_baseline_on_fixed_sgd_matched_full/configs/run_0003.yaml,7e51f26b999c8b4aff9ec783c0917efe88956d1db7ad2331d94ced7575c2aca0,results/staging/paper_followup/fixed_optimizer_matched/baseline_on_full/reinforce_baseline_on_fixed_sgd_matched_full/run_0003,True,False,1,,1000,True,True,True,-0.21869133412837982,9.667513847351074,8.931336402893066,9.667513847351074,sustained_material_reward
reinforce_baseline_on_sgd,configs/reinforce_baseline_on_fixed_sgd_matched_full.yaml,REINFORCE,on,sgd,run_0004,123,1e-05,sweeps/reinforce_baseline_on_fixed_sgd_matched_full/configs/run_0004.yaml,52915cb12ed8f02a80bf0f7da534936ceec3bb118f94bccd9b4422af7244f0f2,results/staging/paper_followup/fixed_optimizer_matched/baseline_on_full/reinforce_baseline_on_fixed_sgd_matched_full/run_0004,True,False,1,,1000,True,True,True,0.1275782734155655,22.140758514404297,21.07010269165039,22.140758514404297,sustained_material_reward
reinforce_baseline_on_sgd,configs/reinforce_baseline_on_fixed_sgd_matched_full.yaml,REINFORCE,on,sgd,run_0005,456,1e-05,sweeps/reinforce_baseline_on_fixed_sgd_matched_full/configs/run_0005.yaml,5aa8a8b188f10b86d657430251b547e896a79afc0b2e894d9fc695d0951e0e4f,results/staging/paper_followup/fixed_optimizer_matched/baseline_on_full/reinforce_baseline_on_fixed_sgd_matched_full/run_0005,True,False,1,,1000,True,True,True,-1.03098726272583,22.47603988647461,20.741727828979492,22.47603988647461,sustained_material_reward
reinforce_baseline_on_sgd,configs/reinforce_baseline_on_fixed_sgd_matched_full.yaml,REINFORCE,on,sgd,run_0006,789,1e-05,sweeps/reinforce_baseline_on_fixed_sgd_matched_full/configs/run_0006.yaml,80f99841f0e30a872c6d70a35965903bb9c46076b12ea8efae9571d7f728c4f6,results/staging/paper_followup/fixed_optimizer_matched/baseline_on_full/reinforce_baseline_on_fixed_sgd_matched_full/run_0006,True,False,1,,1000,True,True,True,-3.1121327877044678,22.232755661010742,21.326539993286133,22.232755661010742,sustained_material_reward
reinforce_baseline_on_sgd,configs/reinforce_baseline_on_fixed_sgd_matched_full.yaml,REINFORCE,on,sgd,run_0007,123,0.0001,sweeps/reinforce_baseline_on_fixed_sgd_matched_full/configs/run_0007.yaml,9892440347db180421d92218980602acdc347c8805d78f64860f084202c14d09,results/staging/paper_followup/fixed_optimizer_matched/baseline_on_full/reinforce_baseline_on_fixed_sgd_matched_full/run_0007,True,False,1,,1000,True,True,True,0.0,0.1275782734155655,0.0,0.1275782734155655,underpowered_or_low_reward
reinforce_baseline_on_sgd,configs/reinforce_baseline_on_fixed_sgd_matched_full.yaml,REINFORCE,on,sgd,run_0008,456,0.0001,sweeps/reinforce_baseline_on_fixed_sgd_matched_full/configs/run_0008.yaml,1ffbe8411e4142aedada0d829330d152371c0fb0367bc47c06af2b6c0bfeda4c,results/staging/paper_followup/fixed_optimizer_matched/baseline_on_full/reinforce_baseline_on_fixed_sgd_matched_full/run_0008,True,False,1,,1000,True,False,True,-116876337152.0,-0.06028495728969574,-90726834176.0,-0.06028495728969574,numerical_failure
reinforce_baseline_on_sgd,configs/reinforce_baseline_on_fixed_sgd_matched_full.yaml,REINFORCE,on,sgd,run_0009,789,0.0001,sweeps/reinforce_baseline_on_fixed_sgd_matched_full/configs/run_0009.yaml,2186d9d1d181a9070f10472b53e2a285c6ceee146ac8b8c6efc27cb2a5d3475e,results/staging/paper_followup/fixed_optimizer_matched/baseline_on_full/reinforce_baseline_on_fixed_sgd_matched_full/run_0009,True,False,1,,1000,True,True,True,-121.64588928222656,0.0,0.0,0.0,underpowered_or_low_reward
reinforce_baseline_on_adam,configs/reinforce_baseline_on_fixed_adam_matched_full.yaml,REINFORCE,on,adam,run_0001,123,0.0003,sweeps/reinforce_baseline_on_fixed_adam_matched_full/configs/run_0001.yaml,389444a32ccfd199f2dfacc8ded6ebdda70c4647b949aa9888352d8a8075904c,results/staging/paper_followup/fixed_optimizer_matched/baseline_on_full/reinforce_baseline_on_fixed_adam_matched_full/run_0001,True,False,1,,1000,True,True,True,-0.2620191276073456,21.334217071533203,20.60125160217285,21.334217071533203,sustained_material_reward
reinforce_baseline_on_adam,configs/reinforce_baseline_on_fixed_adam_matched_full.yaml,REINFORCE,on,adam,run_0002,456,0.0003,sweeps/reinforce_baseline_on_fixed_adam_matched_full/configs/run_0002.yaml,7a54cf4c913091fddedb4fe4b23076687b6c2973b772104722eac25f1815c220,results/staging/paper_followup/fixed_optimizer_matched/baseline_on_full/reinforce_baseline_on_fixed_adam_matched_full/run_0002,True,False,1,,1000,True,True,True,-0.28705865144729614,4.859716892242432,4.294980049133301,4.859716892242432,underpowered_or_low_reward
reinforce_baseline_on_adam,configs/reinforce_baseline_on_fixed_adam_matched_full.yaml,REINFORCE,on,adam,run_0003,789,0.0003,sweeps/reinforce_baseline_on_fixed_adam_matched_full/configs/run_0003.yaml,215e3227727b0b71b7f63157a78690d2fe6b7670923b1a83f160f92021323397,results/staging/paper_followup/fixed_optimizer_matched/baseline_on_full/reinforce_baseline_on_fixed_adam_matched_full/run_0003,True,False,1,,1000,True,True,True,-0.21578659117221832,20.371597290039062,19.70014190673828,20.371597290039062,sustained_material_reward
reinforce_baseline_on_adam,configs/reinforce_baseline_on_fixed_adam_matched_full.yaml,REINFORCE,on,adam,run_0004,123,0.003,sweeps/reinforce_baseline_on_fixed_adam_matched_full/configs/run_0004.yaml,943a4fa3b200eae1101c1559f5954ee7bfaf493a64d4b67439274004c6fc9b6e,results/staging/paper_followup/fixed_optimizer_matched/baseline_on_full/reinforce_baseline_on_fixed_adam_matched_full/run_0004,True,False,1,,1000,True,True,True,0.0682484433054924,23.897092819213867,22.817991256713867,23.897092819213867,sustained_material_reward
reinforce_baseline_on_adam,configs/reinforce_baseline_on_fixed_adam_matched_full.yaml,REINFORCE,on,adam,run_0005,456,0.003,sweeps/reinforce_baseline_on_fixed_adam_matched_full/configs/run_0005.yaml,4eb8a7334412caee4a8d4a517bc9fd344781c670a6fa1f690efea8dd68abfd3d,results/staging/paper_followup/fixed_optimizer_matched/baseline_on_full/reinforce_baseline_on_fixed_adam_matched_full/run_0005,True,False,1,,1000,True,True,True,-0.34771811962127686,22.52029037475586,22.148820877075195,22.52029037475586,sustained_material_reward
reinforce_baseline_on_adam,configs/reinforce_baseline_on_fixed_adam_matched_full.yaml,REINFORCE,on,adam,run_0006,789,0.003,sweeps/reinforce_baseline_on_fixed_adam_matched_full/configs/run_0006.yaml,1e25b9a9b67042b7f90dffec2bd45eb3862d475c90fc32a99b7dea7029cfd7ea,results/staging/paper_followup/fixed_optimizer_matched/baseline_on_full/reinforce_baseline_on_fixed_adam_matched_full/run_0006,True,False,1,,1000,True,True,True,-0.4238082766532898,22.028261184692383,20.89458465576172,22.028261184692383,sustained_material_reward
reinforce_baseline_on_adam,configs/reinforce_baseline_on_fixed_adam_matched_full.yaml,REINFORCE,on,adam,run_0007,123,0.01,sweeps/reinforce_baseline_on_fixed_adam_matched_full/configs/run_0007.yaml,320299276f7c9999aeba9886479a5ce4d1f8d859c72cf2be09cfff9bf83cf588,results/staging/paper_followup/fixed_optimizer_matched/baseline_on_full/reinforce_baseline_on_fixed_adam_matched_full/run_0007,True,False,1,,1000,True,True,True,0.1275782734155655,23.797590255737305,23.019380569458008,23.797590255737305,sustained_material_reward
reinforce_baseline_on_adam,configs/reinforce_baseline_on_fixed_adam_matched_full.yaml,REINFORCE,on,adam,run_0008,456,0.01,sweeps/reinforce_baseline_on_fixed_adam_matched_full/configs/run_0008.yaml,e5841ce710e3f5b450d65be5ba9d5ca73ab3b34e1d0f1c6a1209e5c0db4069b3,results/staging/paper_followup/fixed_optimizer_matched/baseline_on_full/reinforce_baseline_on_fixed_adam_matched_full/run_0008,True,False,1,,1000,True,True,True,-0.8425464034080505,23.602724075317383,23.28493881225586,23.602724075317383,sustained_material_reward
reinforce_baseline_on_adam,configs/reinforce_baseline_on_fixed_adam_matched_full.yaml,REINFORCE,on,adam,run_0009,789,0.01,sweeps/reinforce_baseline_on_fixed_adam_matched_full/configs/run_0009.yaml,6cd25a8ea6cd5f6328b8b63016e5575b44f2984fada86bf924ce2b9b18e43296,results/staging/paper_followup/fixed_optimizer_matched/baseline_on_full/reinforce_baseline_on_fixed_adam_matched_full/run_0009,True,False,1,,1000,True,True,True,-231.6116180419922,17.818641662597656,1.9804725646972656,17.818641662597656,material_peak_limited_finish
