bid,q_true_mc,q_true_mc_se,q_td_implied
0.0,10.012767630500793,0.0011143617168811928,0.0008483246783725917
0.025,10.012767630500793,0.0011143617168811928,0.0008483246783725917
0.05,10.012767630500793,0.0011143617168811928,0.0008483246783725917
0.07500000000000001,10.012767630500793,0.0011143617168811928,0.0008483246783725917
0.1,10.012767630500793,0.0011143617168811928,0.0008483246783725917
0.125,10.012767630500793,0.0011143617168811928,0.0008483246783725917
0.15000000000000002,10.012767630500793,0.0011143617168811928,0.0008483246783725917
0.17500000000000002,10.012767630500793,0.0011143617168811928,0.0008483246783725917
0.2,10.012767630500793,0.0011143617168811928,0.0008483246783725917
0.225,10.012767630500793,0.0011143617168811928,0.0008483246783725917
0.25,10.012767630500793,0.0011143617168811928,0.0008483246783725917
0.275,10.012767630500793,0.0011143617168811928,0.0008483246783725917
0.30000000000000004,10.012767630500793,0.0011143617168811928,0.0008483246783725917
0.325,10.012767630500793,0.0011143617168811928,0.0008483246783725917
0.35000000000000003,10.012767630500793,0.0011143617168811928,0.0008483246783725917
0.375,10.012767630500793,0.0011143617168811928,0.0008483246783725917
0.4,10.012767630500793,0.0011143617168811928,0.0008483246783725917
0.42500000000000004,10.012767630500793,0.0011143617168811928,0.0008483246783725917
0.45,10.012767630500793,0.0011143617168811928,0.0008483246783725917
0.47500000000000003,10.012767630500793,0.0011143617168811928,0.0008483246783725917
0.5,10.012767630500793,0.0011143617168811928,0.0008483246783725917
0.525,10.012767630500793,0.0011143617168811928,0.0008483246783725917
0.55,10.012767630500793,0.0011143617168811928,0.0008483246783725917
0.5750000000000001,10.012767630500793,0.0011143617168811928,0.0008483246783725917
0.6000000000000001,10.012767630500793,0.0011143617168811928,0.0008483246783725917
0.625,10.012767630500793,0.0011143617168811928,0.0008483246783725917
0.65,10.012767630500793,0.0011143617168811928,0.0008483246783725917
0.675,10.012767630500793,0.0011143617168811928,0.0008483246783725917
0.7000000000000001,10.012767630500793,0.0011143617168811928,0.0008483246783725917
0.7250000000000001,10.012767630500793,0.0011143617168811928,0.0008483246783725917
0.75,10.012767630500793,0.0011143617168811928,0.0008483246783725917
0.775,10.012767630500793,0.0011143617168811928,0.0008483246783725917
0.8,10.012767630500793,0.0011143617168811928,0.0008483246783725917
0.8250000000000001,10.012767630500793,0.0011143617168811928,0.0008483246783725917
0.8500000000000001,10.012767630500793,0.0011143617168811928,0.0008483246783725917
0.875,10.012767630500793,0.0011143617168811928,0.0008483246783725917
0.9,10.012767630500793,0.0011143617168811928,0.0008483246783725917
0.925,10.012767630500793,0.0011143617168811928,0.0008483246783725917
0.9500000000000001,10.012767630500793,0.0011143617168811928,0.0008483246783725917
0.9750000000000001,10.012767630500793,0.0011143617168811928,0.0008483246783725917
1.0,10.012767630500793,0.0011143617168811928,0.0008483246783725917
1.0250000000000001,10.012767630500793,0.0011143617168811928,0.0008483246783725917
1.05,10.012767630500793,0.0011143617168811928,0.0008483246783725917
1.075,10.012767630500793,0.0011143617168811928,0.0008483246783725917
1.1,10.012767630500793,0.0011143617168811928,0.0008483246783725917
1.125,10.012767630500793,0.0011143617168811928,0.0008483246783725917
1.1500000000000001,10.012767630500793,0.0011143617168811928,0.0008483246783725917
1.175,10.012767630500793,0.0011143617168811928,0.0008483246783725917
1.2000000000000002,10.012767630500793,0.0011143617168811928,0.0008483246783725917
1.225,10.012767630500793,0.0011143617168811928,0.0008483246783725917
1.25,10.012767630500793,0.0011143617168811928,0.0008483246783725917
1.2750000000000001,10.012767630500793,0.0011143617168811928,0.0008483246783725917
1.3,10.012767630500793,0.0011143617168811928,0.0008483246783725917
1.3250000000000002,10.012767630500793,0.0011143617168811928,0.0008483246783725917
1.35,10.012767630500793,0.0011143617168811928,0.0008483246783725917
1.375,10.012767630500793,0.0011143617168811928,0.0008483246783725917
1.4000000000000001,10.012767630500793,0.0011143617168811928,0.0008483246783725917
1.425,10.012767630500793,0.0011143617168811928,0.0008483246783725917
1.4500000000000002,10.012767630500793,0.0011143617168811928,0.0008483246783725917
1.475,10.012767630500793,0.0011143617168811928,0.0008483246783725917
1.5,10.012767630500793,0.0011143617168811928,0.0008483246783725917
1.5250000000000001,10.012767630500793,0.0011143617168811928,0.0008483246783725917
1.55,10.012767630500793,0.0011143617168811928,0.0008483246783725917
1.5750000000000002,10.012767630500793,0.0011143617168811928,0.0008483246783725917
1.6,10.012767630500793,0.0011143617168811928,0.0008483246783725917
1.625,10.012767630500793,0.0011143617168811928,0.0008483246783725917
1.6500000000000001,10.012767630500793,0.0011143617168811928,0.0008483246783725917
1.675,10.012767630500793,0.0011143617168811928,0.0008483246783725917
1.7000000000000002,10.012767630500793,0.0011143617168811928,0.0008483246783725917
1.725,10.012767630500793,0.0011143617168811928,0.0008483246783725917
1.75,10.012767630500793,0.0011143617168811928,0.0008483246783725917
1.7750000000000001,10.012767630500793,0.0011143617168811928,0.0008483246783725917
1.8,10.012767630500793,0.0011143617168811928,0.0008483246783725917
1.8250000000000002,10.012767630500793,0.0011143617168811928,0.0008483246783725917
1.85,10.012767630500793,0.0011143617168811928,0.0008483246783725917
1.875,10.012767630500793,0.0011143617168811928,0.0008483246783725917
1.9000000000000001,10.012767630500793,0.0011143617168811928,0.0008483246783725917
1.925,10.012767630500793,0.0011143617168811928,0.0008483246783725917
1.9500000000000002,10.012767630500793,0.0011143617168811928,0.0008483246783725917
1.975,10.012767630500793,0.0011143617168811928,0.0008483246783725917
2.0,10.012767630500793,0.0011143617168811928,0.0008483246783725917
2.025,10.012767630500793,0.0011143617168811928,0.0008483246783725917
2.0500000000000003,10.012767630500793,0.0011143617168811928,0.0008483246783725917
2.075,10.012767630500793,0.0011143617168811928,0.0008483246783725917
2.1,10.012767630500793,0.0011143617168811928,0.0008483246783725917
2.125,10.012767630500793,0.0011143617168811928,0.0008483246783725917
2.15,10.012767630500793,0.0011143617168811928,0.0008483246783725917
2.1750000000000003,10.012767630500793,0.0011143617168811928,0.0008483246783725917
2.2,10.012767630500793,0.0011143617168811928,0.0008483246783725917
2.225,10.012767630500793,0.0011143617168811928,0.0008483246783725917
2.25,10.012767630500793,0.0011143617168811928,0.0008483246783725917
2.275,10.012767630500793,0.0011143617168811928,0.0008483246783725917
2.3000000000000003,10.012767630500793,0.0011143617168811928,0.0008483246783725917
2.325,10.012767630500793,0.0011143617168811928,0.0008483246783725917
2.35,10.012767630500793,0.0011143617168811928,0.0008483246783725917
2.375,10.012767630500793,0.0011143617168811928,0.0008483246783725917
2.4000000000000004,10.012767630500793,0.0011143617168811928,0.0008483246783725917
2.4250000000000003,10.012767630500793,0.0011143617168811928,0.0008483246783725917
2.45,10.012767630500793,0.0011143617168811928,0.0008483246783725917
2.475,10.012767630500793,0.0011143617168811928,0.0008483246783725917
2.5,10.012767630500793,0.0011143617168811928,0.0008483246783725917
2.5250000000000004,10.012767630500793,0.0011143617168811928,0.0008483246783725917
2.5500000000000003,10.012767630500793,0.0011143617168811928,0.0008483246783725917
2.575,10.012767630500793,0.0011143617168811928,0.0008483246783725917
2.6,10.012767630500793,0.0011143617168811928,0.0008483246783725917
2.625,10.012767630500793,0.0011143617168811928,0.0008483246783725917
2.6500000000000004,10.012767630500793,0.0011143617168811928,0.0008483246783725917
2.6750000000000003,10.012767630500793,0.0011143617168811928,0.0008483246783725917
2.7,10.012767630500793,0.0011143617168811928,0.0008483246783725917
2.725,10.012767630500793,0.0011143617168811928,0.0008483246783725917
2.75,10.012767630500793,0.0011143617168811928,0.0008483246783725917
2.7750000000000004,10.012767630500793,0.0011143617168811928,0.0008483246783725917
2.8000000000000003,10.012767630500793,0.0011143617168811928,0.0008483246783725917
2.825,10.012767630500793,0.0011143617168811928,0.0008483246783725917
2.85,10.012767630500793,0.0011143617168811928,0.0008483246783725917
2.875,10.012767630500793,0.0011143617168811928,0.0008483246783725917
2.9000000000000004,10.012767630500793,0.0011143617168811928,0.0008483246783725917
2.9250000000000003,10.012767630500793,0.0011143617168811928,0.0008483246783725917
2.95,10.012767630500793,0.0011143617168811928,0.0008483246783725917
2.975,10.012767630500793,0.0011143617168811928,0.0008483246783725917
3.0,10.012767630500793,0.0011143617168811928,0.0008483246783725917
3.0250000000000004,10.012767630500793,0.0011143617168811928,0.0008483246783725917
3.0500000000000003,10.012767630500793,0.0011143617168811928,0.0008483246783725917
3.075,10.012767630500793,0.0011143617168811928,0.0008483246783725917
3.1,10.012767630500793,0.0011143617168811928,0.0008483246783725917
3.125,10.012767630500793,0.0011143617168811928,0.0008483246783725917
3.1500000000000004,10.012767630500793,0.0011143617168811928,0.0008483246783725917
3.1750000000000003,10.012767630500793,0.0011143617168811928,0.0008483246783725917
3.2,10.012767630500793,0.0011143617168811928,0.0008483246783725917
3.225,10.012767630500793,0.0011143617168811928,0.0008483246783725917
3.25,10.012767630500793,0.0011143617168811928,0.0008483246783725917
3.2750000000000004,10.012767630500793,0.0011143617168811928,0.0008483246783725917
3.3000000000000003,10.012767630500793,0.0011143617168811928,0.0008483246783725917
3.325,10.012767630500793,0.0011143617168811928,0.0008483246783725917
3.35,10.012767630500793,0.0011143617168811928,0.0008483246783725917
3.375,10.012767630500793,0.0011143617168811928,0.0008483246783725917
3.4000000000000004,10.012767630500793,0.0011143617168811928,0.0008483246783725917
3.4250000000000003,10.012767630500793,0.0011143617168811928,0.0008483246783725917
3.45,10.012767630500793,0.0011143617168811928,0.0008483246783725917
3.475,10.012767630500793,0.0011143617168811928,0.0008483246783725917
3.5,10.012767630500793,0.0011143617168811928,0.0008483246783725917
3.5250000000000004,10.012767630500793,0.0011143617168811928,0.0008483246783725917
3.5500000000000003,10.012767630500793,0.0011143617168811928,0.0008483246783725917
3.575,10.012767630500793,0.0011143617168811928,0.0008483246783725917
3.6,10.012767630500793,0.0011143617168811928,0.0008483246783725917
3.625,10.012767630500793,0.0011143617168811928,0.0008483246783725917
3.6500000000000004,10.012767630500793,0.0011143617168811928,0.0008483246783725917
3.6750000000000003,10.012767630500793,0.0011143617168811928,0.0008483246783725917
3.7,10.012767630500793,0.0011143617168811928,0.0008483246783725917
3.725,10.012767630500793,0.0011143617168811928,0.0008483246783725917
3.75,10.012767630500793,0.0011143617168811928,0.0008483246783725917
3.7750000000000004,10.012767630500793,0.0011143617168811928,0.0008483246783725917
3.8000000000000003,10.012767630500793,0.0011143617168811928,0.0008483246783725917
3.825,10.012767630500793,0.0011143617168811928,0.0008483246783725917
3.85,10.012767630500793,0.0011143617168811928,0.0008483246783725917
3.875,10.012767630500793,0.0011143617168811928,0.0008483246783725917
3.9000000000000004,10.012767630500793,0.0011143617168811928,0.0008483246783725917
3.9250000000000003,10.012767630500793,0.0011143617168811928,0.0008483246783725917
3.95,10.012767630500793,0.0011143617168811928,0.0008483246783725917
3.975,10.012767630500793,0.0011143617168811928,0.0008483246783725917
4.0,10.012767630500793,0.0011143617168811928,0.0008483246783725917
4.025,10.012767630500793,0.0011143617168811928,0.0008483246783725917
4.05,10.012767630500793,0.0011143617168811928,0.0008483246783725917
4.075,10.012767630500793,0.0011143617168811928,0.0008483246783725917
4.1000000000000005,10.012767630500793,0.0011143617168811928,0.0008483246783725917
4.125,10.012767630500793,0.0011143617168811928,0.0008483246783725917
4.15,10.012767630500793,0.0011143617168811928,0.0008483246783725917
4.175,10.012767630500793,0.0011143617168811928,0.0008483246783725917
4.2,10.012767630500793,0.0011143617168811928,0.0008483246783725917
4.2250000000000005,10.012767630500793,0.0011143617168811928,0.0008483246783725917
4.25,10.012767630500793,0.0011143617168811928,0.0008483246783725917
4.275,10.012767630500793,0.0011143617168811928,0.0008483246783725917
4.3,10.012767630500793,0.0011143617168811928,0.0008483246783725917
4.325,10.012767630500793,0.0011143617168811928,0.0008483246783725917
4.3500000000000005,10.012767630500793,0.0011143617168811928,0.0008483246783725917
4.375,10.012767630500793,0.0011143617168811928,0.0008483246783725917
4.4,10.012767630500793,0.0011143617168811928,0.0008483246783725917
4.425,10.012767630500793,0.0011143617168811928,0.0008483246783725917
4.45,10.012767630500793,0.0011143617168811928,0.0008483246783725917
4.4750000000000005,10.012767630500793,0.0011143617168811928,0.0008483246783725917
4.5,10.012767630500793,0.0011143617168811928,0.0008483246783725917
4.525,10.012767630500793,0.0011143617168811928,0.0008483246783725917
4.55,10.012767630500793,0.0011143617168811928,0.0008483246783725917
4.575,10.012767630500793,0.0011143617168811928,0.0008483246783725917
4.6000000000000005,10.012767630500793,0.0011143617168811928,0.0008483246783725917
4.625,10.012767630500793,0.0011143617168811928,0.0008483246783725917
4.65,10.012767630500793,0.0011143617168811928,0.0008483246783725917
4.675,10.012767630500793,0.0011143617168811928,0.0008483246783725917
4.7,10.012767630500793,0.0011143617168811928,0.0008483246783725917
4.7250000000000005,10.012767630500793,0.0011143617168811928,0.0008483246783725917
4.75,10.012767630500793,0.0011143617168811928,0.0008483246783725917
4.775,10.012767630500793,0.0011143617168811928,0.0008483246783725917
4.800000000000001,10.012767630500793,0.0011143617168811928,0.0008483246783725917
4.825,10.012767630500793,0.0011143617168811928,0.0008483246783725917
4.8500000000000005,10.012767630500793,0.0011143617168811928,0.0008483246783725917
4.875,10.012767630500793,0.0011143617168811928,0.0008483246783725917
4.9,10.012767630500793,0.0011143617168811928,0.0008483246783725917
4.925000000000001,10.012767630500793,0.0011143617168811928,0.0008483246783725917
4.95,10.012767630500793,0.0011143617168811928,0.0008483246783725917
4.9750000000000005,10.012767630500793,0.0011143617168811928,0.0008483246783725917
5.0,12.512481751918793,0.0007793308144729668,-2.4991516753216274
5.025,14.988870364904402,0.0011626626178964771,-5.024151675321628
5.050000000000001,14.962912441930769,0.001122594732074002,-5.049151675321628
5.075,14.937185258455276,0.0010887708742554473,-5.074151675321628
5.1000000000000005,14.914921373500821,0.0012048097980070745,-5.099151675321628
5.125,14.887888752784729,0.0011206194462062109,-5.124151675321627
5.15,14.862481407241821,0.0011021763133234406,-5.149151675321628
5.175000000000001,14.840320017137525,0.00122109819054095,-5.174151675321628
5.2,14.810080335083008,0.0009924427514215169,-5.199151675321628
5.2250000000000005,14.789020560035706,0.0011670348128810977,-5.224151675321628
5.25,14.763754528961183,0.001157076362907547,-5.249151675321627
5.275,14.735983511009215,0.0010325346987174481,-5.274151675321628
5.300000000000001,14.715112070093156,0.0012122795600271734,-5.299151675321628
5.325,14.68928417678833,0.001176786674656477,-5.324151675321628
5.3500000000000005,14.664265301179885,0.00117912568154318,-5.349151675321628
5.375,14.639426907844545,0.0011845024355697275,-5.374151675321627
5.4,14.614596413564682,0.0011903004898604062,-5.399151675321628
5.425000000000001,14.588954624900818,0.0011655829413588009,-5.424151675321628
5.45,14.563243573617935,0.0011344605808499522,-5.449151675321628
5.4750000000000005,14.538586632757184,0.0011510839891834804,-5.474151675321628
5.5,14.51203477215767,0.0010840759050936568,-5.499151675321627
5.525,14.490458417882918,0.0012281181877585503,-5.524151675321628
5.550000000000001,14.463455111513138,0.0011441805602906792,-5.549151675321628
5.575,14.436115867767334,0.0010401656808567503,-5.574151675321628
5.6000000000000005,14.41340557319641,0.001143998832652644,-5.599151675321628
5.625,14.38731394473076,0.001095922205172864,-5.624151675321627
5.65,14.362625628938675,0.0011104322002883757,-5.649151675321628
5.675000000000001,14.33844640633583,0.0011434045227800868,-5.674151675321628
5.7,14.31109476445198,0.0010382768379150812,-5.699151675321628
5.7250000000000005,14.288457189416885,0.0011443172336134699,-5.724151675321628
5.75,14.26445890563011,0.0011870068453282237,-5.749151675321627
5.775,14.238894494915007,0.0011646575660589136,-5.774151675321628
5.800000000000001,14.213166689863204,0.0011320029712567896,-5.799151675321628
5.825,14.188757383842468,0.0011572390523113217,-5.824151675321628
5.8500000000000005,14.161141727304457,0.0010425317589655952,-5.849151675321628
5.875,14.135619985055925,0.0010164089799101048,-5.874151675321627
5.9,14.112767705640794,0.0011143681521676744,-5.899151675321628
5.925000000000001,14.087885005350113,0.001120342646749408,-5.924151675321628
5.95,14.062667340888979,0.0011098630463588326,-5.949151675321628
5.9750000000000005,14.03825934776306,0.001135729035729451,-5.974151675321628
6.0,14.014627233591078,0.0011928256534458144,-5.999151675321627
6.025,13.9886397900486,0.0011514422760130379,-6.024151675321628
6.050000000000001,13.962635976953507,0.0011071678962768117,-6.049151675321628
6.075,13.936947815160753,0.001076433101520349,-6.074151675321628
6.1000000000000005,13.911900400056837,0.0010763131111238577,-6.099151675321628
6.125,13.886829880275727,0.001074340538943844,-6.124151675321627
6.15,13.864057515535356,0.0011700984767161991,-6.149151675321628
6.175000000000001,13.837420023946763,0.0010969147020206483,-6.174151675321628
6.2,13.812654242095949,0.0011087497296843533,-6.199151675321628
6.2250000000000005,13.787900191431046,0.0011215794489384773,-6.224151675321628
6.25,13.76393104028702,0.0011636134451122149,-6.249151675321627
6.275,13.738772692432404,0.001158546592420308,-6.274151675321628
6.300000000000001,13.714330119762419,0.001180618993049518,-6.299151675321628
6.325,13.688522103309634,0.0011457321882814117,-6.324151675321628
6.3500000000000005,13.663833136253356,0.001159541121189381,-6.349151675321628
6.375,13.637701284675597,0.0011087763534370315,-6.374151675321627
6.4,13.613604555644988,0.0011525542879594218,-6.399151675321628
6.425000000000001,13.588056996145248,0.0011268538913123548,-6.424151675321628
6.45,13.56375248336792,0.0011568433750424496,-6.449151675321628
6.4750000000000005,13.535639749145506,0.0010184138248532763,-6.474151675321628
6.5,13.512681974763872,0.0011111156703286754,-6.499151675321627
6.525,13.488662008123397,0.0011533135664523236,-6.524151675321628
6.550000000000001,13.463268385238646,0.0011366462656884513,-6.549151675321628
6.575,13.437422925319673,0.0011011708384421218,-6.574151675321628
6.6000000000000005,13.412106407957076,0.001086161205154606,-6.599151675321628
6.625,13.387595458431242,0.001107824135419045,-6.624151675321627
6.65,13.363118070287703,0.0011319376986771547,-6.649151675321628
6.675000000000001,13.33855252186775,0.0011482191746215412,-6.674151675321628
6.7,13.312876920518875,0.0011196829974501772,-6.699151675321628
6.7250000000000005,13.28692689218521,0.0010787539085662793,-6.724151675321628
6.75,13.262147887954711,0.001085536274591677,-6.749151675321627
6.775,13.240386332063673,0.0012262198245824578,-6.774151675321628
6.800000000000001,13.212468616046905,0.0011011127472952166,-6.799151675321628
6.825,13.18724751021385,0.0010900154661993306,-6.824151675321628
6.8500000000000005,13.163936559276578,0.001164163640654316,-6.849151675321628
6.875,13.139449083709717,0.0011862863445158765,-6.874151675321627
6.9,13.112940532140732,0.0011250650754473593,-6.899151675321628
6.925000000000001,13.089692308206558,0.0011981170772084446,-6.924151675321628
6.95,13.062683508281708,0.0011112498912954761,-6.949151675321628
6.9750000000000005,13.036907005043027,0.0010769935116386258,-6.974151675321628
7.0,13.013022558240891,0.0011279273792165494,-6.999151675321627
7.025,12.98845538263321,0.0011441344439704283,-7.024151675321628
7.050000000000001,12.964634799871444,0.001193463702969914,-7.049151675321628
7.075,12.937979119234086,0.0011241779964579939,-7.074151675321628
7.1000000000000005,12.913471732120513,0.0011454857853813636,-7.099151675321628
7.125,12.888476429834366,0.0011458831019885785,-7.124151675321627
7.15,12.86509546754837,0.0012148017750765914,-7.149151675321628
7.175000000000001,12.837096218194961,0.001085183388035943,-7.174151675321628
7.2,12.814768718528747,0.0012003693026319182,-7.199151675321628
7.2250000000000005,12.78899977039337,0.0011653919260100694,-7.224151675321628
7.25,12.764896169204711,0.0012066346750758455,-7.249151675321627
7.275,12.737384683036803,0.0010978313769390638,-7.274151675321628
7.300000000000001,12.711821511945725,0.00107373108854415,-7.299151675321628
7.325,12.689538937349319,0.001189650452814996,-7.324151675321628
7.3500000000000005,12.66354024485588,0.0011472241740244262,-7.349151675321628
7.375,12.638783272409437,0.0011593748470197325,-7.374151675321627
7.4,12.61169892893791,0.0010670391971273304,-7.399151675321628
7.425000000000001,12.589076905527115,0.0011716232717082474,-7.424151675321628
7.45,12.563889945068361,0.00116423335172249,-7.449151675321628
7.4750000000000005,12.537791371784209,0.0011163939005867434,-7.474151675321628
7.5,12.512095054645538,0.0010850755779594264,-7.499151675321627
7.525,12.48669966406822,0.0010671473714979783,-7.524151675321628
7.550000000000001,12.463028415822983,0.0011243392811745448,-7.549151675321628
7.575,12.440467005796432,0.0012250424488050016,-7.574151675321628
7.6000000000000005,12.410442089796064,0.0010086898468821713,-7.599151675321628
7.625,12.387893474302292,0.0011210678254226685,-7.624151675321627
7.65,12.364197876005173,0.0011775742730164966,-7.649151675321628
7.675000000000001,12.339562412300108,0.0011915507642905456,-7.674151675321628
7.7,12.315766926555636,0.0012371332590006574,-7.699151675321628
7.7250000000000005,12.288569678459165,0.0011496331872422711,-7.724151675321628
7.75,12.264265388622285,0.0011752966429502926,-7.749151675321627
7.775,12.236326005811692,0.0010507090240731124,-7.774151675321628
7.800000000000001,12.214769005260468,0.0012002823942763403,-7.799151675321628
7.825,12.188970172157287,0.0011668967456442013,-7.824151675321628
7.8500000000000005,12.162098656997678,0.0010853721534813407,-7.849151675321628
7.875,12.140192779283524,0.0012186206227174372,-7.874151675321627
7.9,12.113777773818969,0.0011589936777683593,-7.899151675321628
7.925000000000001,12.088421115932462,0.0011453405349511534,-7.924151675321628
7.95,12.060848216791154,0.001028767240723017,-7.949151675321628
7.9750000000000005,12.040307194576261,0.0012200789571024534,-7.974151675321628
8.0,12.011202542057038,0.0010437028340829154,-7.999151675321627
8.025,11.988851253767015,0.001161026041414309,-8.024151675321628
8.05,11.963370638923646,0.001141082808306791,-8.049151675321628
8.075000000000001,11.936923787088395,0.0010785014520407947,-8.074151675321628
8.1,11.911943076944352,0.0010802005141460032,-8.099151675321627
8.125,11.887529115810395,0.0011062201041208352,-8.124151675321627
8.15,11.865809301128388,0.0012404272253833284,-8.149151675321628
8.175,11.838457775831223,0.0011443586490904045,-8.174151675321628
8.200000000000001,11.812399559860227,0.0010991428589121376,-8.199151675321628
8.225,11.788208556890487,0.0011355335101760364,-8.224151675321627
8.25,11.762310222845077,0.0010956680986405401,-8.249151675321627
8.275,11.738193078050612,0.001134197267958534,-8.274151675321628
8.3,11.713378614072798,0.0011417727217776239,-8.299151675321628
8.325000000000001,11.686610872240065,0.0010634063661519122,-8.324151675321628
8.35,11.661331569538119,0.001051100943114261,-8.349151675321627
8.375,11.63719538215637,0.001089852527867275,-8.374151675321627
8.4,11.6157749036026,0.0012377636446006168,-8.399151675321628
8.425,11.587374581108094,0.0010969624133693168,-8.424151675321628
8.450000000000001,11.562963483991622,0.0011229189922773637,-8.449151675321628
8.475,11.537135001592636,0.001088634055208608,-8.474151675321627
8.5,11.512244397611617,0.0010897543201104512,-8.499151675321627
8.525,11.489381191740035,0.0011845965082678675,-8.524151675321628
8.55,11.4629024015522,0.0011218070059806488,-8.549151675321628
8.575000000000001,11.437539998235701,0.001103018881878592,-8.574151675321628
8.6,11.413767773389816,0.0011580733140938188,-8.599151675321627
8.625,11.38815164744377,0.0011307824546813066,-8.624151675321627
8.65,11.36249614282608,0.001103340279871077,-8.649151675321628
8.675,11.337708560886384,0.0011134087942320848,-8.674151675321628
8.700000000000001,11.313533881835935,0.0011467997711085698,-8.699151675321628
8.725,11.291052169237139,0.001248008357437337,-8.724151675321627
8.75,11.262279610853195,0.0010929634225192667,-8.749151675321627
8.775,11.23848174153328,0.0011463427648196447,-8.774151675321628
8.8,11.213834315023423,0.0011597290004513145,-8.799151675321628
8.825000000000001,11.187941195726394,0.0011251373981120126,-8.824151675321628
8.85,11.162979588012695,0.0011242584352674939,-8.849151675321627
8.875,11.137394016275405,0.0010986548667640357,-8.874151675321627
8.9,11.112871709089278,0.001119188141971704,-8.899151675321628
8.925,11.087609094152448,0.0011089711351599618,-8.924151675321628
8.950000000000001,11.061150626802442,0.0010433811613898055,-8.949151675321628
8.975,11.036468840656282,0.001059260264273155,-8.974151675321627
9.0,11.012356278762816,0.001095438021335501,-8.999151675321627
9.025,10.987101568841934,0.0010856440222014822,-9.024151675321628
9.05,10.962591510009766,0.0011074584086096133,-9.049151675321628
9.075000000000001,10.93777455783844,0.0011190979334225113,-9.074151675321628
9.1,10.912841244668963,0.0011166211885024516,-9.099151675321627
9.125,10.888771528491972,0.0011584509748832357,-9.124151675321627
9.15,10.865109559803008,0.0012121131861670552,-9.149151675321628
9.175,10.839197954711913,0.0011737210899900458,-9.174151675321628
9.200000000000001,10.812653001308439,0.001108629568879692,-9.199151675321628
9.225,10.789986833267212,0.001206163270563325,-9.224151675321627
9.25,10.764879085617064,0.0012015842785704212,-9.249151675321627
9.275,10.738354455909727,0.001139695317113937,-9.274151675321628
9.3,10.711917617607117,0.0010778476302043254,-9.299151675321628
9.325000000000001,10.690422762775421,0.0012253890226360527,-9.324151675321628
9.35,10.662604566173554,0.001108646726721764,-9.349151675321627
9.375,10.637603352441786,0.0011085632213090166,-9.374151675321627
9.4,10.614056748304366,0.0011701034450933496,-9.399151675321628
9.425,10.588774812526701,0.001158637470097426,-9.424151675321628
9.450000000000001,10.562366198320388,0.001096273347064783,-9.449151675321628
9.475,10.53763187883377,0.0011109924888864768,-9.474151675321627
9.5,10.513082647619246,0.0011289610227401216,-9.499151675321627
9.525,10.4855593116951,0.0010152182791627747,-9.524151675321628
9.55,10.462316167602538,0.0010960742152687783,-9.549151675321628
9.575000000000001,10.438363476963042,0.0011404617059734131,-9.574151675321628
9.600000000000001,10.414423785295487,0.001184246522795346,-9.599151675321629
9.625,10.389131463108061,0.001172128223017716,-9.624151675321627
9.65,10.363089898433683,0.001129492691874213,-9.649151675321628
9.675,10.33929323998451,0.001181433649596621,-9.674151675321628
9.700000000000001,10.313103912143704,0.0011307153280031537,-9.699151675321628
9.725000000000001,10.289541341915129,0.001189856611415148,-9.724151675321629
9.75,10.263844695510866,0.0011605301376259366,-9.749151675321627
9.775,10.238146305027007,0.0011302198151477004,-9.774151675321628
9.8,10.214568632850646,0.0011881490665651814,-9.799151675321628
9.825000000000001,10.188940862979889,0.001164500029432703,-9.824151675321628
9.850000000000001,10.163465033731459,0.001144891081593343,-9.849151675321629
9.875,10.137990815353394,0.0011252040148071192,-9.874151675321627
9.9,10.111913299722671,0.0010776219496951278,-9.899151675321628
9.925,10.089540571184159,0.0011897007653095698,-9.924151675321628
9.950000000000001,10.061942227220536,0.0010800845511746034,-9.949151675321628
9.975000000000001,10.039008813314435,0.0011661361638755684,-9.974151675321629
10.0,10.013676908617018,0.0011545474425739425,-9.999151675321627
