AC_Q_Gaussian_v2(is_partial:False;discount:1;lr:4e-06;num_actions:1;optimizer:SGD;shape_reward:False),FixedBidPolicy(bid_per_item:5;total_limit:5)
-1.060063930112002,3.5317017413060787,0.8,1.8330302779823362
-1.2702968497881881,3.478004438194103,0.95,1.9615045245933034
-1.4837079980130181,3.575612487133966,0.8,1.8330302779823362
-1.4623360605889095,3.6147455857663107,0.85,1.8781639970992947
-1.1921842016645932,3.7100222189307166,0.725,1.7605041891458255
-1.359695738513066,3.610835257708945,0.85,1.878163997099295
-1.3131006382316892,3.3533802748722494,0.9,1.9209372712298547
-1.0471386868324004,3.6338317625717895,0.85,1.8781639970992947
-1.024495534562213,3.820260619695453,0.825,1.8559027452967463
-1.4280926894943178,3.6321825509408057,0.85,1.8781639970992947
-1.0356800701948072,3.4568713119992673,0.775,1.8095234179197572
-0.7705841677465053,3.710605918789447,0.925,1.9414878315353925
-1.2568838549345205,3.7395095344210696,0.925,1.9414878315353925
-1.0726420265580066,3.7947914791418733,1.075,2.0541117301646468
-1.4501711469915153,3.8596717390903548,0.675,1.7086178624841777
-1.0600684833737455,3.6742823193431216,0.625,1.653594569415369
-1.1160907957428226,3.418339483882711,1.125,2.0879116360612584
-1.351788675294273,3.4764938284909577,0.85,1.8781639970992947
-1.3874779742040773,3.975643692022977,0.8,1.8330302779823362
-0.9628449461897587,3.515926836144904,0.725,1.7605041891458255
-1.2032877573173277,3.8764775591320157,0.675,1.7086178624841777
-1.5307920636564358,3.986913770368905,0.675,1.7086178624841777
-0.9438098301615488,3.6990665878878346,0.85,1.8781639970992947
-1.8945597517731119,3.7439321002921555,0.725,1.7605041891458255
-1.082787519870815,3.2111763109258216,1.0,2.0
-0.8416207828639753,3.2589045191758315,0.7,1.7349351572897471
-0.7363091658490548,3.3358732763478325,0.775,1.8095234179197572
-1.2335403439051789,3.541045047160186,0.8,1.8330302779823362
-1.569417457375099,3.9158437217566013,0.575,1.5951097140949269
-1.3505918845811504,3.598491926649252,0.825,1.8559027452967465
-1.3790052684613179,3.57906165010075,0.825,1.8559027452967465
-1.2307289218162885,3.55187994179244,0.75,1.7853571071357126
-1.37454582199867,3.7431275211695807,0.675,1.7086178624841777
-1.0855638633981775,3.5643980115207294,1.0,2.0
-1.2725735601239676,3.6214887337329666,0.85,1.8781639970992947
-1.0189463589450067,3.708447492852703,0.7,1.7349351572897471
-1.415219600320302,3.948811363632578,0.95,1.9615045245933034
-1.4829703175125553,3.657422537058747,0.675,1.7086178624841777
-1.264122114123995,3.7767261844855073,0.775,1.8095234179197572
-1.2277757827475007,3.779619095534857,0.675,1.7086178624841777
-1.180540016022997,3.6102642412431187,0.7,1.7349351572897471
-1.5003805095909184,3.898206674287787,0.725,1.7605041891458255
-1.6508475690432707,3.981278887055546,0.625,1.653594569415369
-1.3540423787458753,3.518591394944153,0.725,1.7605041891458255
-1.5425924377581168,3.6510754867929087,0.625,1.653594569415369
-0.8554539977785433,3.702969015296327,0.675,1.7086178624841777
-0.9261474289963751,3.6816501823102272,0.925,1.9414878315353925
-1.2928214494570782,3.565829756074381,0.875,1.899835519196333
-1.232585520405034,3.7109901682904627,1.0,2.0
-1.0286008808057239,3.5497025847348636,0.7,1.7349351572897471
-0.7968525485889083,3.4982186711449326,0.7,1.7349351572897471
-1.0045795045046533,3.529651664616817,1.175,2.1199941037653858
-1.2693294744032022,3.5030726077423955,0.7,1.734935157289747
-1.107116453860448,3.523754770101011,0.825,1.8559027452967465
-1.3789836739444143,3.8370928944017986,0.625,1.653594569415369
-0.851317957796866,3.340510777441924,0.9,1.9209372712298547
-0.8566812770606532,3.6416875383923757,0.825,1.8559027452967463
-1.213670110440279,3.344606276110675,1.075,2.0541117301646468
-0.7766338527773113,3.3304605231435795,0.8,1.8330302779823362
-1.048711553020661,3.522229108377026,0.625,1.653594569415369
-1.0152729838526282,3.547408143515556,0.85,1.8781639970992947
-1.1544511325005196,3.589885752657178,0.8,1.8330302779823362
-1.0856435640190658,3.2915418553139117,0.825,1.8559027452967463
-1.138805508469065,3.7999775158467837,0.725,1.7605041891458255
-1.1981842824301498,3.6095081087488587,1.075,2.0541117301646468
-1.9284466941384215,3.6408670755299135,1.125,2.0879116360612584
-1.5931344345574519,3.9896734009442487,0.675,1.7086178624841777
-1.832608457215291,3.8703072229966264,0.725,1.7605041891458255
-0.7220744545939357,3.7137280476416756,0.9,1.9209372712298547
-0.8751027940192935,3.4126746906631142,0.9,1.9209372712298547
-1.3361539115026355,3.4236469017519897,1.1,2.071231517720798
-1.1428335803852807,3.595270432868825,0.8,1.8330302779823362
-1.0412482467625275,3.467634771514564,0.8,1.8330302779823362
-1.4552657991728932,3.7185839915720487,0.775,1.8095234179197572
-1.429921589307458,3.82687541155529,0.75,1.7853571071357126
-1.4945981906796901,3.8599529868754336,0.75,1.7853571071357126
-1.1394531902557885,3.5031249844667163,0.7,1.7349351572897471
-0.7730519314655688,3.4672804933004024,0.7,1.7349351572897471
-1.2280233076644962,3.39635028839319,0.85,1.8781639970992947
-1.6823004767705725,3.805287165249899,0.95,1.9615045245933034
-1.2688575076368125,3.584120355233647,0.8,1.8330302779823362
-1.241090165876157,3.8306884580834297,0.6,1.6248076809271923
-0.8686044666200985,3.6722949228850625,0.85,1.8781639970992947
-1.4423849784210159,3.6697179917221234,0.65,1.6815171720800235
-1.4752131847189034,3.9412320024794174,1.0,2.0
-1.2410267369946286,3.401897918210075,0.6,1.624807680927192
-1.3324163647667355,4.0117309911072825,0.95,1.9615045245933034
-1.1921060739655542,3.8312540850028354,0.675,1.7086178624841777
-1.258296502331529,3.526325123314785,0.75,1.7853571071357126
-1.2757514196389876,3.7587833173736875,0.7,1.7349351572897471
-0.965230851903077,3.499019329714925,0.75,1.7853571071357126
-1.3586350829337446,3.750054299120587,0.6,1.624807680927192
-1.1116169481438551,3.492816820824264,0.825,1.8559027452967465
-1.164431024978881,3.7678640539649453,0.825,1.8559027452967465
-1.2991654321458228,3.6343546607112924,0.7,1.7349351572897471
-1.5209254235534042,3.6486382097415677,0.8,1.8330302779823362
-1.3571951776825835,3.602220592690075,0.825,1.8559027452967465
-1.1682926494555468,3.880626438293902,0.775,1.8095234179197572
-0.961004301638215,3.8145711018840025,0.775,1.8095234179197572
-1.5187157917816194,3.564681387820205,0.675,1.7086178624841777
-1.391893818740555,3.850645171506124,0.825,1.8559027452967463
-1.2014534075257683,3.4983308896378995,1.125,2.0879116360612584
-1.2277067075969714,3.8891156322955056,0.85,1.8781639970992947
-1.1234116958957947,3.248568776241504,0.9,1.9209372712298547
-1.486665316676806,3.8224707558229825,0.775,1.8095234179197572
-1.0776101264675062,3.7176191178105316,0.825,1.8559027452967463
-1.0938557894668384,4.0255705258580745,0.7,1.7349351572897471
-1.2465392855629092,3.5189519787361254,0.9,1.9209372712298547
-1.3013255583500427,3.5645717465619122,0.925,1.9414878315353925
-1.0529294460716792,3.700909647117642,1.0,2.0
-1.02405393498046,3.8525984239612314,0.8,1.8330302779823362
-1.0271120663321063,3.4347035503392234,0.7,1.734935157289747
-1.5823517494189259,3.9206472184213683,0.7,1.7349351572897471
-1.3193353894125663,3.757951227647063,0.525,1.5327671055969332
-0.8230631665434484,3.4232772776439755,1.1,2.071231517720798
-1.131881764445172,3.5349706277936472,0.975,1.9810035335657534
-1.0618173636849648,3.8141308952151856,0.925,1.9414878315353925
-1.2656953669864552,3.7073414046553848,0.775,1.8095234179197572
-1.643330779232599,3.808410225301207,1.0,2.0
-0.740600261252097,3.7474547859705982,0.575,1.595109714094927
-1.4020672770924272,3.778578249878583,0.825,1.8559027452967465
-1.2454353100953777,3.743998172588498,0.775,1.809523417919757
-1.5492390722423386,3.8971893845831653,0.55,1.5644487847162014
-1.2385852907083603,3.906022800112928,0.725,1.7605041891458255
-1.7242715956922643,3.910202247273991,0.85,1.8781639970992947
-1.2195866186276172,3.6792249383404023,0.775,1.8095234179197572
-1.4759325448881069,3.761007624157195,0.775,1.8095234179197572
-1.0405478151909133,3.5962540176484943,0.95,1.9615045245933032
-1.1740342586605266,3.429770453116247,0.75,1.7853571071357126
-1.1326395970222547,3.6208653143889515,0.7,1.7349351572897471
-1.1480435571016985,3.7695629511167903,1.0,2.0
-1.1387343950182103,3.902250873094545,0.7,1.7349351572897471
-1.1441547555171934,3.545232080096896,0.8,1.8330302779823362
-1.2163923965923775,4.0005941481688705,0.825,1.8559027452967465
-1.3172282993202171,3.946967507617763,0.825,1.8559027452967463
-1.2060444909873322,3.435537065926166,0.725,1.7605041891458255
-1.5482479546708814,3.6206954767129056,0.9,1.9209372712298547
-1.0108164705737224,3.577451585359818,0.925,1.9414878315353925
-1.3209796349738634,3.574824127186903,0.875,1.899835519196333
-1.6936348159893901,3.7497127518423836,0.9,1.9209372712298547
-0.9358058168974653,3.4251688271939815,0.65,1.6815171720800235
-1.0491756638343168,3.162700203748849,0.825,1.8559027452967463
-0.9549128316706184,3.4098219296704766,0.95,1.9615045245933034
-1.3454108149353232,3.752639531671627,0.65,1.6815171720800235
-1.0609156491982519,3.2746839211023673,0.9,1.9209372712298547
-1.4086186507264762,3.268451771044024,0.925,1.9414878315353925
-1.133438169022863,3.526916460566793,0.8,1.8330302779823362
-1.1260050466541338,3.7975472134197172,0.8,1.8330302779823362
-1.333377076430383,3.6655249038814235,0.725,1.7605041891458255
-1.1981468447649544,3.7241875053259323,0.8,1.8330302779823362
-1.3176797133970728,3.9249715265860106,0.95,1.9615045245933034
-1.4006551612463682,3.8079390174106593,0.825,1.8559027452967463
-1.3619781153782475,3.5164302419752667,0.825,1.8559027452967463
-0.8731481072399077,3.5423309204229283,0.775,1.809523417919757
-1.526190250311081,4.209632883935302,0.725,1.7605041891458255
-1.001434550205614,3.7847493372170358,0.8,1.8330302779823362
-0.9940163667404116,3.5104772518091307,1.0,2.0
-1.17746245848415,3.5442414238798787,0.875,1.899835519196333
-1.2639310328531954,3.431737784213803,0.85,1.8781639970992947
-1.0856432292429248,3.8797947702005913,0.975,1.9810035335657534
-1.1222334634813427,3.7147595386920718,0.7,1.7349351572897471
-1.4758166639183639,3.776190981451878,0.825,1.8559027452967465
-1.316792165757585,3.468054801001771,0.8,1.8330302779823362
-1.0547977280743004,3.343672749948773,0.825,1.8559027452967463
-0.7519332995947863,3.6112220897018856,0.675,1.7086178624841777
-1.0483970778643397,3.7558403626225743,0.7,1.7349351572897471
-0.9436603088086115,3.475829142042291,0.65,1.6815171720800233
-1.582918453384097,3.593249932273256,0.725,1.7605041891458255
-1.322115340805355,4.188729774177083,0.8,1.8330302779823362
-1.350243247574787,4.06942031867839,0.6,1.6248076809271923
-1.3979430691142556,3.4719977025215476,0.65,1.6815171720800235
-0.8119637098841637,3.882282168968369,0.9,1.9209372712298547
-1.9620847363465004,3.999826701475723,0.775,1.8095234179197572
-0.8411257505116252,3.4669640751806696,0.85,1.8781639970992945
-0.7158610255282403,3.3659183726242565,0.95,1.9615045245933034
-1.3511281938920383,3.7399374765576954,0.9,1.9209372712298547
-1.0392838674451554,3.8884758422307124,0.9,1.9209372712298547
-1.0101821406154443,3.652037604925004,0.925,1.9414878315353925
-1.6339083992527612,3.6075260466553076,0.775,1.8095234179197572
-0.713702019242914,3.472674492109756,0.775,1.8095234179197572
-1.2654977473356366,3.623073142457645,0.925,1.9414878315353925
-1.5329015305221998,3.7678449607027478,0.8,1.8330302779823362
-1.1319653375871526,4.3993763336022615,0.625,1.653594569415369
-1.3475040946564545,3.8230094368882246,0.85,1.8781639970992947
-0.9998032334353614,3.7068985065283506,0.975,1.9810035335657534
-0.9036143369280546,3.635195950848901,0.825,1.8559027452967465
-1.0872314398019307,3.762829168357002,0.825,1.8559027452967463
-1.7042705980955466,3.7446497267876055,0.75,1.7853571071357126
-1.4945453132396667,3.9859720529104696,0.825,1.8559027452967465
-1.150344081072761,3.731848341428005,0.9,1.9209372712298547
-1.0488575450979858,3.5667457183203797,0.7,1.734935157289747
-1.2879658476649303,3.773321279807035,0.975,1.9810035335657532
-1.0200313566669204,3.8672525388698564,0.775,1.809523417919757
-1.2423508880258287,3.6163939778493277,0.7,1.7349351572897471
-0.8638552220035349,3.669115591459214,0.725,1.7605041891458255
-0.6485792125809575,3.576623673107326,0.7,1.734935157289747
-1.4169470835154057,3.954685409704429,0.725,1.7605041891458255
-1.355425724410547,3.651759359955946,0.875,1.899835519196333
-1.458525541489492,3.7693696116173916,0.725,1.7605041891458255
-0.8461662479191554,3.4870998896652945,0.9,1.9209372712298547
-1.3171361441433016,3.8467768779414353,0.725,1.7605041891458255
-1.5171912603628446,3.495880944280315,0.925,1.9414878315353925
-1.131410822136438,3.9980809492372678,0.75,1.7853571071357126
-1.296187705732047,3.916094307441179,0.85,1.8781639970992947
-1.6639923769975922,4.186629005473673,0.975,1.9810035335657534
-0.9160307107408292,3.678861268802324,0.85,1.8781639970992947
-1.0710470137157646,3.5984221068439286,1.0,2.0
-0.9811326968312771,3.3910737610984674,1.075,2.0541117301646468
-1.2030427745513967,3.583110820546052,0.975,1.9810035335657534
-0.6193712286113712,3.538612051785717,0.95,1.9615045245933034
-1.259303171717707,3.5990514399872615,0.8,1.8330302779823362
-1.0011398141353285,3.726938193232359,0.75,1.7853571071357126
-0.8500922010745765,3.5283480652389847,0.95,1.9615045245933034
-1.0824080263024896,3.809325836036785,0.925,1.9414878315353925
-1.3525124887869464,4.0406606904788855,0.775,1.8095234179197572
-1.2328917820732626,3.2987541750474723,0.65,1.6815171720800235
-1.311526205350238,3.770053205024438,0.875,1.899835519196333
-0.8744927115504317,3.366798152070075,0.925,1.9414878315353925
-1.7458445019151432,3.9387212626309314,0.825,1.8559027452967465
-1.3164685394074838,3.8037294797331973,0.625,1.653594569415369
-1.0680643324827144,3.698571657090813,0.8,1.8330302779823362
-1.2169795967538932,3.591565110608458,0.9,1.9209372712298547
-1.4060808284408324,3.5098769997047485,0.85,1.8781639970992947
-1.4027317570616464,3.97085699092146,1.025,2.018508112443445
-1.3443856572718318,3.501963880347648,0.825,1.8559027452967463
-1.7239628179918522,3.856156811774441,0.9,1.9209372712298547
-0.9759202580555185,3.869406859692895,0.85,1.8781639970992947
-1.2558539943691138,3.723374884253133,0.8,1.8330302779823362
-1.1031943699235276,3.4837559362164257,0.925,1.9414878315353925
-1.120604715689862,3.537482324373328,1.1,2.071231517720798
-1.2189281713312525,3.881684329230925,0.8,1.8330302779823362
-1.06569721536373,3.752974114422751,0.725,1.7605041891458255
-1.4212547175208727,3.893548757016474,0.7,1.7349351572897471
-0.6839122724733033,3.3814554212747283,0.825,1.8559027452967463
-1.3332609066618704,3.5344812093216933,0.85,1.8781639970992947
-1.4360450896109314,3.4809575246547872,0.925,1.9414878315353925
-0.5061921942853855,3.2611964394526063,0.55,1.5644487847162014
-1.242684782696828,3.5677166414507626,0.75,1.7853571071357126
-1.401241717857788,3.857788910584538,0.8,1.8330302779823362
-1.3520951920865985,3.8878862906483933,0.75,1.7853571071357126
-0.8404285264300484,3.138235827100012,0.85,1.8781639970992947
-1.3590243098432173,3.619429638506077,0.925,1.9414878315353925
-1.4020956846575223,3.4093906933877878,0.7,1.7349351572897471
-1.2209578401810188,3.5502487896540975,0.825,1.8559027452967465
-1.469742062289368,3.734072435813401,0.725,1.7605041891458255
-1.2255685402604748,3.6006945726262254,0.7,1.7349351572897471
-1.0653392197834515,3.6856521113417706,0.925,1.9414878315353925
-0.9030186529531201,3.1082276792881283,0.975,1.9810035335657532
-1.4812574452505956,4.000837583014038,0.775,1.8095234179197572
-1.3169915382426667,3.6675376727575957,0.925,1.9414878315353925
-1.0095948132925743,3.7635867893788024,0.8,1.8330302779823362
-1.1852209993174132,3.450120446741673,0.625,1.653594569415369
-1.1685481724206186,3.5938499336743894,0.825,1.8559027452967463
-1.1038343287828882,3.966896392190853,0.7,1.7349351572897471
-1.2169849112768532,3.789427943133586,0.725,1.7605041891458255
-1.3248416105369605,3.6615951994179556,0.75,1.7853571071357126
-1.5400897097929198,3.799198580165433,0.825,1.8559027452967463
-1.022296162312574,3.5397099237795264,0.9,1.9209372712298547
-0.792607451181038,3.842057181958568,0.8,1.8330302779823362
-1.1682740717713456,3.659765128543104,0.825,1.8559027452967463
-1.0267894474714974,3.7296255192243506,0.9,1.9209372712298547
-1.1876757092228116,3.6390717935237196,0.675,1.7086178624841777
-1.197970069602581,3.309544345009409,0.95,1.9615045245933034
-1.0412177268151668,3.62327843560318,0.8,1.8330302779823362
-1.123094946592791,3.6200733502577838,0.775,1.8095234179197572
-1.7488549796214847,3.6073880526275035,1.1,2.071231517720798
-1.2821102363501948,3.7302172465682015,0.775,1.8095234179197572
-1.3092776571712232,3.6844834764075687,0.85,1.8781639970992947
-1.4446657260941091,3.748130165099977,0.675,1.7086178624841777
-1.010226230748542,3.829673275775476,0.625,1.653594569415369
-1.13922657076825,3.36055776299605,1.025,2.018508112443445
-1.1178878680690452,3.426232213187677,0.775,1.8095234179197572
-1.2266505000957841,3.456266034253215,0.875,1.899835519196333
-0.8743867906722267,3.2345250890901354,1.0,2.0
-0.5529735201068668,3.5068819010710617,0.75,1.7853571071357126
-1.1179754221701115,3.186032213452221,0.95,1.9615045245933032
-1.3672203543372723,3.7950379711974294,0.775,1.8095234179197572
-1.2114264646106605,3.824670491650359,0.775,1.8095234179197572
-1.1244861079952126,3.623912412844257,0.575,1.5951097140949269
-1.3497698706964525,3.8803958160379306,0.575,1.5951097140949269
-1.0660236905393388,3.684859400522271,0.8,1.8330302779823362
-1.2831842863996301,3.4150812216693325,1.0,2.0
-1.4761498121041705,3.6789633341313994,0.8,1.8330302779823362
-1.2835162112091303,3.557815006024936,0.975,1.9810035335657534
-1.1730102481559102,3.652453174106898,0.825,1.8559027452967463
-1.2425775228628344,3.750826756594266,1.0,2.0
-1.0539146197040035,3.3788033741361847,0.825,1.8559027452967463
-0.9895069492566373,3.668395302739018,0.725,1.7605041891458255
-1.1074453085151215,3.295330958470594,0.925,1.9414878315353925
-1.203476593507243,3.677187771674963,0.675,1.7086178624841777
-0.8571133917069547,3.6030727897847883,1.0,2.0
-0.7860931051522664,3.672259942623133,1.15,2.1041625412500813
-1.5821214973145683,3.7398636549928153,0.85,1.8781639970992947
-1.0914949714355537,3.533092038300641,0.9,1.9209372712298547
-1.1959008708180598,3.5986257893480045,0.95,1.9615045245933034
-1.0277519800307138,3.6627155634379633,0.75,1.7853571071357126
-1.6000165922673628,4.059104841917344,0.7,1.7349351572897471
-1.250496767713276,3.7034364172209613,0.675,1.7086178624841777
-0.7857032040584646,4.184718361801505,0.75,1.7853571071357126
-1.1511615761082015,3.8289762769792417,0.875,1.899835519196333
-1.5254948969445465,3.5705371309281,0.775,1.8095234179197572
-0.8956532322849367,3.2720162952239806,0.925,1.9414878315353925
-0.7407522442796644,3.656174220471038,0.825,1.8559027452967465
-0.7402900522812623,3.6819848577427936,0.8,1.8330302779823362
-0.7363512646751138,3.5609228751330124,0.725,1.7605041891458255
-0.8845543583613263,3.2364170638055607,1.025,2.018508112443445
-1.2193931189879987,3.4963486913431643,0.9,1.9209372712298547
-0.9384267040061974,3.503121861856015,0.7,1.7349351572897471
-0.6367542047043071,3.300595742079157,0.925,1.9414878315353925
-0.9446126280230382,3.8802837508462478,0.825,1.8559027452967463
-1.2943687948453226,3.864055534632197,0.9,1.9209372712298547
-1.0013845362331306,3.6955702097759695,0.925,1.9414878315353925
-1.0996804269370242,3.3376419132802364,0.8,1.8330302779823362
-0.7472448860500325,3.933257754757024,0.875,1.899835519196333
-1.260487065776455,3.567114718612183,0.875,1.899835519196333
-0.8083917736347552,3.512848748764133,0.75,1.7853571071357126
-1.0880076834185486,3.855719451120705,0.975,1.9810035335657532
-1.3717166597737378,3.7499631475278474,0.725,1.7605041891458255
-1.0768157802000982,3.6529370252898943,0.95,1.9615045245933034
-0.7642299773072455,3.5105404446776154,0.75,1.7853571071357126
-0.8917767892983707,3.5534979084101823,0.725,1.7605041891458255
-1.1979792129179387,3.681730113579992,1.0,2.0
-0.9049821182535374,3.4250455540780824,0.9,1.9209372712298547
-1.3803280401930913,3.683949594970619,0.875,1.899835519196333
-1.5703831859789665,4.140529488664737,0.75,1.7853571071357126
-1.1761898776846476,3.7243182108135717,0.8,1.8330302779823362
-1.3589405817498124,3.6162005159471873,0.775,1.8095234179197572
-1.7055654798404496,3.7571801361901858,0.8,1.8330302779823362
-0.5565031486278623,3.4343300656097364,0.775,1.8095234179197572
-1.0559517278698332,3.520462565714502,0.625,1.653594569415369
-1.4494914439888336,3.6905519920639636,0.825,1.8559027452967463
-1.2544916664947399,3.719921005639731,1.05,2.03654118544163
-1.2355724836729132,3.629747765997634,1.025,2.018508112443445
-1.5930650999959028,3.661241097918663,0.725,1.7605041891458255
-1.0120772013711845,3.6331883632822275,0.9,1.9209372712298547
-0.7968060947641754,3.5619326014434263,0.975,1.9810035335657534
-0.9633111615786483,3.422889264330516,0.85,1.8781639970992947
-1.0130001056791125,3.355083310633238,0.925,1.9414878315353925
-1.0639334834321723,3.4125085395421673,0.85,1.8781639970992947
-0.5708943908249566,3.1877552217452205,0.875,1.899835519196333
-1.3420095793514568,3.571676821545908,0.675,1.7086178624841777
-0.9680284415100319,3.5354467682862882,0.875,1.899835519196333
-1.1932682078390109,3.8695494524741934,0.6,1.624807680927192
-0.9643111796992037,3.6027961061037597,0.75,1.7853571071357126
-1.4056668363340072,3.934574829074509,0.8,1.8330302779823362
-1.3175941736660184,3.8472962824354977,0.725,1.7605041891458255
-0.849790163366373,3.1160299058050103,0.975,1.9810035335657532
-1.0178177517051927,3.6308006518598406,0.675,1.7086178624841777
-1.0705053103519973,4.153874632258795,0.925,1.9414878315353925
-1.416203815317301,3.7463860925308925,0.925,1.9414878315353925
-0.9419124508085378,3.7630049950191853,0.775,1.8095234179197572
-1.3064169315983698,4.035175912838682,0.6,1.6248076809271923
-1.1742475166542587,3.462704374418491,0.925,1.9414878315353925
-1.2411536924360955,4.1452183777468345,0.725,1.7605041891458255
-1.250523597130989,3.84213595348266,0.95,1.9615045245933034
-1.5312573908808402,4.12555799129441,0.9,1.9209372712298547
-1.1639768838955558,3.3540437265118515,0.925,1.9414878315353925
-1.1492391807960525,3.5697138570278506,0.9,1.9209372712298547
-0.6594687917744811,3.082675096064329,0.775,1.8095234179197572
-1.0989967285301159,3.729636508017415,0.675,1.7086178624841777
-1.7797739325951278,4.098218610566805,0.95,1.9615045245933034
-0.9318583937116728,3.3694370872902955,0.75,1.7853571071357126
-0.9665597594332687,3.40534480117415,0.7,1.7349351572897471
-1.1364999202069088,3.71227659882421,1.025,2.018508112443445
-0.7517094238052894,3.2405058549301033,1.125,2.0879116360612584
-0.9142455270801884,3.905772792914934,0.975,1.9810035335657534
-1.0798532867440336,4.08796599098884,0.775,1.8095234179197572
-1.145742610058265,3.3849186807126657,0.75,1.7853571071357126
-1.3784601663783385,3.812490679820713,0.925,1.9414878315353925
-1.5709933271086236,4.063843633412058,0.725,1.7605041891458255
-1.0464827057916333,3.547555515438019,1.025,2.018508112443445
-1.349126447938433,3.69933810257925,0.725,1.7605041891458255
-0.9147450975079225,3.536963013917711,1.0,2.0
-1.455497469063309,3.892570676818127,0.75,1.7853571071357126
-1.037059346711188,3.506929860615994,0.85,1.8781639970992947
-1.1472814757236398,4.091397307420815,1.0,2.0
-0.9481795498995662,3.870466074560565,0.775,1.8095234179197572
-1.2619568584503333,3.606507362302681,1.1,2.071231517720798
-1.2919580376755215,3.4804311860103003,0.9,1.9209372712298547
-1.2233287071901195,3.8025822520801102,0.85,1.8781639970992947
-0.580167432356133,3.6317139993159215,1.0,2.0
-1.6599999069701277,3.7721508709853544,0.9,1.9209372712298547
-1.236782548847619,3.613202285471896,0.65,1.6815171720800235
-1.1223951301693043,3.568966089867257,0.95,1.9615045245933034
-1.0740109406046265,3.565522475550944,1.025,2.018508112443445
-0.9361338888114799,3.4459674831283267,0.85,1.8781639970992947
-0.969435520744465,3.935137083555759,0.825,1.8559027452967465
-1.0120463134108006,3.7731855740561984,0.925,1.9414878315353925
-0.6341886416041861,3.551563722397267,0.825,1.8559027452967463
-1.5087959701849443,3.8287520667295127,0.675,1.7086178624841777
-1.0796376315856486,3.9419800489195165,0.65,1.6815171720800235
-1.0761386745266068,3.4287159233096753,0.75,1.7853571071357126
-0.67220279080858,3.3014312311792997,0.825,1.8559027452967463
-1.2460040573383524,3.6158683885096243,0.85,1.8781639970992947
-0.9888053666835737,3.7346616431135575,0.825,1.8559027452967463
-0.9967344138468672,3.398627624465718,0.7,1.7349351572897471
-0.6674306768523018,3.5659637290694177,0.875,1.899835519196333
-0.9137364171629525,3.5655318560460563,0.575,1.595109714094927
-1.05095985641206,3.56191573760369,0.725,1.7605041891458255
-1.2485783526787149,3.6995252579911004,0.95,1.9615045245933034
-1.1699967231508084,3.4975508142277567,1.075,2.0541117301646468
-0.7457439076124011,3.4568142318376935,0.775,1.8095234179197572
-1.372191374207502,3.575470714403507,0.825,1.8559027452967465
-0.7452271739879669,3.47878717116056,1.075,2.0541117301646468
-1.0514401680024836,3.6956921373215987,0.7,1.7349351572897471
-1.3300959460600805,3.9147265319931326,0.775,1.809523417919757
-0.9906751776939672,3.4591955694136716,0.625,1.653594569415369
-1.0050559944765225,3.5057571007649964,0.625,1.653594569415369
-1.1220571444024638,3.490063482731146,0.975,1.9810035335657534
-1.0944710313033739,3.7808880830279725,0.875,1.899835519196333
-0.8595664357882816,3.5929670506851283,0.7,1.734935157289747
-0.9795884531248384,3.7684624275002427,0.85,1.8781639970992947
-1.6091871406487155,3.787854434460159,0.775,1.8095234179197572
-1.2559536815992545,3.7624270069986516,0.875,1.899835519196333
-1.0724879339927367,3.702392510849151,0.875,1.899835519196333
-1.2865900497790768,3.508092133384585,0.9,1.9209372712298547
-0.6339749842822987,3.5569557624874046,0.9,1.9209372712298547
-0.7761287074572383,3.5072113138424794,0.775,1.8095234179197572
-0.996302798604674,3.9150862325847626,0.95,1.9615045245933034
-1.1737515425333334,3.6493536177653634,0.75,1.7853571071357126
-1.1177880969669918,3.546237681735513,0.775,1.8095234179197572
-1.1648231655813435,3.8902735091801923,0.825,1.8559027452967465
-1.447122143984304,3.957836322685944,0.975,1.9810035335657534
-1.5021625571651713,3.7092040744331496,0.825,1.8559027452967463
-0.9461324895838592,3.7599387167038887,1.025,2.018508112443445
-1.1463714113806334,3.7670023155151426,0.775,1.809523417919757
-1.0952786325079895,3.5621664115700216,0.875,1.899835519196333
-1.2027165250078073,3.5050460208855783,0.775,1.8095234179197572
-0.7828619238731978,3.3462600812208256,0.95,1.9615045245933034
-1.0014605559327663,3.4533916784834675,0.925,1.9414878315353925
-1.261525118733792,4.018746900758289,0.8,1.8330302779823362
-1.10374168287719,3.5931317461453394,1.025,2.018508112443445
-1.3427887494578534,3.604166737989756,1.025,2.018508112443445
-0.9640369706594569,3.668527144106816,0.675,1.7086178624841777
-0.6903021806429129,3.4656374185304704,1.175,2.1199941037653858
-1.0237700473355562,3.5495570913087238,0.6,1.624807680927192
-0.9354256316367714,3.275650115456286,0.8,1.8330302779823362
-1.3302692417677673,3.388615983966892,0.8,1.8330302779823362
-1.377102563963633,3.704239393414045,0.825,1.8559027452967463
-1.342695632961368,3.4936695715746002,1.0,2.0
-0.8982986284350435,3.7238507110554635,0.775,1.8095234179197572
-0.9496526283606506,3.477629200879202,0.725,1.7605041891458255
-1.5840003270512135,3.839196355051944,0.8,1.8330302779823362
-0.8592336869397557,3.9750952546980076,0.65,1.6815171720800235
-1.11712440799933,3.7974335935088597,0.65,1.6815171720800235
-1.336030395294298,3.629908654984562,0.925,1.9414878315353925
-1.3251265953706124,3.4698907463998667,1.1,2.071231517720798
-0.9231719519659305,3.262663175002728,0.525,1.5327671055969332
-1.2214192139300066,3.117644066782476,0.925,1.9414878315353925
-1.4974368453616358,3.7857802661909146,0.9,1.9209372712298547
-1.2985003151490684,3.4917547691316533,0.825,1.8559027452967465
-1.1631329752774469,3.771554549083339,0.925,1.9414878315353925
-0.950889103707253,3.6626792596807736,0.575,1.595109714094927
-0.7879960260994322,3.250862206512745,1.175,2.1199941037653858
-1.116567350312004,3.608428141037245,1.0,2.0
-1.1881526361078918,3.5165896938728145,0.875,1.899835519196333
-1.3071580560567713,3.8453228514399447,0.825,1.8559027452967463
-1.3810908293932058,3.7651899155922486,0.675,1.7086178624841777
-1.3307440547052034,3.4939354743273663,1.175,2.1199941037653858
-1.3320036627822294,3.79538712692308,0.675,1.7086178624841777
-1.1840887742397208,3.589695320216823,1.05,2.03654118544163
-0.8987229225528587,3.3196670192906677,0.925,1.9414878315353925
-1.2471535873078792,3.7870969567049464,0.75,1.7853571071357126
-0.5239199931338177,3.4292269312435972,0.775,1.809523417919757
-1.1420605393258463,3.75409540967526,0.675,1.7086178624841777
-0.9744871410439189,3.7530578438232953,0.8,1.8330302779823362
-1.2930408946560825,3.7256472652422636,0.725,1.7605041891458255
-1.3953027456189937,3.7255010347395277,0.6,1.6248076809271923
-0.9498082641061074,4.002984924891952,0.925,1.9414878315353925
-1.2783355840835862,3.720586661409063,0.775,1.8095234179197572
-1.225752181785924,3.73221616235656,1.05,2.03654118544163
-0.8595552349099888,3.2522436272480757,1.1,2.071231517720798
-0.8389476542743252,3.4520774505835816,0.775,1.8095234179197572
-1.158626266528631,3.157675299537985,1.025,2.018508112443445
-1.2074578872586956,3.569640269127653,0.8,1.8330302779823362
-1.2680111882989271,3.458737607787232,0.95,1.9615045245933034
-0.6530487871794215,3.7834270599833233,0.525,1.5327671055969332
-1.3522884008942548,3.4782967786922336,0.8,1.8330302779823362
-1.1488734785443202,3.654745266617921,0.9,1.9209372712298547
-1.053518123135288,3.4190843182377963,0.875,1.899835519196333
-1.2827797099806488,3.8619146213592335,0.975,1.9810035335657532
-0.8297395231471287,3.4054459724637716,0.775,1.8095234179197572
-1.0178103678406043,3.582902369463174,0.925,1.9414878315353925
-1.550277811865197,3.8391674544630243,0.625,1.653594569415369
-1.033637697281895,3.5706532915407116,0.875,1.899835519196333
-1.432468465638483,3.616567770997722,0.9,1.9209372712298547
-1.1111700679397358,3.484346771053681,0.825,1.8559027452967465
-0.7418375601859052,3.279401724479091,0.95,1.9615045245933034
-1.0715867064501765,4.023550205826081,0.8,1.8330302779823362
-0.9904240907447556,4.0470233893629475,0.9,1.9209372712298547
-1.0092203104869575,3.497002430118198,1.075,2.054111730164647
-1.2727134526287136,3.715159526678587,0.8,1.8330302779823362
-1.2207478985745768,3.3319707114416035,0.85,1.8781639970992947
-0.7830897561082173,3.340493947291561,1.05,2.03654118544163
-0.805764140206209,3.6955037090054264,0.925,1.9414878315353925
-0.8422041620552837,3.266359016243117,0.8,1.8330302779823362
-1.3880336295582543,3.750144642269797,0.8,1.8330302779823362
-1.3093546699703285,3.321076272776307,1.075,2.0541117301646468
-1.3391906951314108,3.45855933869879,0.825,1.8559027452967465
-1.1665794927016377,3.6695037795826173,0.875,1.899835519196333
-0.8750571161038253,3.7587594858520594,0.775,1.8095234179197572
-1.2346027180503916,3.4861477875283535,1.075,2.0541117301646468
-0.7968361693974788,3.5872461701187,0.95,1.9615045245933032
-1.3364642535133309,3.7779808658623546,1.0,2.0
-1.5431800445161061,3.87485129057401,1.025,2.018508112443445
-1.1457275991959668,3.6363431276208202,0.675,1.7086178624841777
-1.331991166063024,4.3934646206555446,0.725,1.7605041891458255
-1.1665780488272726,3.593121304197306,0.775,1.8095234179197572
-1.15160989026027,3.8089202461037703,0.475,1.466074691139575
-1.0576138153673167,3.4250530222333664,0.875,1.899835519196333
-1.0668525374858688,3.7347550307001316,1.05,2.03654118544163
-0.9755618316603011,3.489738308235037,0.875,1.899835519196333
-1.012957036455901,3.3206503219340413,1.15,2.1041625412500813
-0.8303772565155899,3.3277245542889675,0.875,1.899835519196333
-1.0878501253046153,3.4935801809767497,0.925,1.9414878315353925
-0.9531233098776096,3.4945207647394643,0.65,1.6815171720800235
-1.1554388226787928,3.626927981882578,0.775,1.8095234179197572
-1.1461390816523465,3.416876233080041,1.05,2.03654118544163
-0.9268197858880711,3.4814406293087616,1.1,2.071231517720798
-1.0481335928898565,3.6553986454928182,0.875,1.899835519196333
-0.9890094169373927,3.5665323967579874,0.775,1.8095234179197572
-1.4986406046259304,3.9574180389350206,0.725,1.7605041891458255
-0.7324001357693128,3.600887316039439,1.025,2.018508112443445
-1.0609028995561929,3.6078210948986946,0.75,1.7853571071357126
-1.110104839351095,3.409752410466881,0.825,1.8559027452967463
-0.8664751535176126,3.653499287306512,0.775,1.8095234179197572
-0.812983003512087,3.624966408460936,0.925,1.9414878315353925
-1.0418813823920112,3.5935517060066196,0.95,1.9615045245933034
-1.000457101321915,3.5572278397972625,1.2,2.1354156504062622
-1.373164849432585,3.8033375502000957,0.775,1.8095234179197572
-0.630789367202807,3.9188227082396145,0.825,1.8559027452967463
-0.9081253181360381,3.299565654396143,0.875,1.899835519196333
-0.7445394997186554,3.2421212416954903,1.075,2.0541117301646468
-1.0357778119542531,3.6456768585986987,0.875,1.899835519196333
-1.5151320279161538,3.6031456355702103,0.95,1.9615045245933034
-1.204005051807484,3.5562825289055096,0.725,1.7605041891458255
-1.0842261276883052,3.5559636715316163,0.95,1.9615045245933034
-1.3442210265455818,3.9598253542686694,0.775,1.8095234179197572
-1.1719281901381249,3.503342686393637,0.875,1.899835519196333
-0.9658930193290572,3.6494321124882156,0.9,1.9209372712298547
-1.0931819389232265,3.6527163195224963,0.8,1.8330302779823362
-0.8841432315672921,3.330197904107662,0.675,1.7086178624841777
-0.9374122639016437,3.25014076691253,1.05,2.03654118544163
-0.5348094196511579,3.486395933310384,0.95,1.9615045245933034
-0.6345384084250095,3.417189760015698,1.075,2.054111730164647
-0.9318498474835479,3.7349606794094705,0.8,1.8330302779823362
-1.196624054110595,3.532114474133102,0.725,1.7605041891458255
-0.8989163155955631,3.6231034393147756,1.025,2.018508112443445
-0.9362657986458701,3.7957455526445583,0.925,1.9414878315353925
-0.7514130888479239,3.6392909073027697,0.75,1.7853571071357126
-1.3251731967503992,3.9014445335732963,0.8,1.8330302779823362
-0.8258968934113023,3.6371058347296112,0.9,1.9209372712298547
-0.9398186035149197,3.505988556476229,0.925,1.9414878315353925
-1.0349184633911515,3.1944040836970373,0.9,1.9209372712298547
-0.8148905578201129,3.4109695634927935,0.875,1.899835519196333
-1.1283417067662742,3.559212063693818,1.0,2.0
-1.0711729377910422,3.8119865300440816,0.875,1.899835519196333
-1.288678131923165,3.5842487326615453,0.825,1.8559027452967463
-0.7664168789347281,3.6834572066895266,0.85,1.8781639970992947
-1.2512043366627639,3.496870625372166,0.825,1.8559027452967463
-0.9771009018338563,3.3697156297248436,0.975,1.9810035335657534
-0.7665119331691588,3.344967574472335,0.875,1.899835519196333
-1.6597571695725213,3.591028391568456,0.7,1.7349351572897471
-1.7465135312979596,3.9887970046319534,0.925,1.9414878315353925
-0.8604282309603914,3.3871146718236322,0.975,1.9810035335657532
-0.8415142823121345,3.471938493207855,0.975,1.9810035335657534
-1.302399492912257,3.470588987921621,0.85,1.8781639970992947
-1.009481170667254,3.55398498305088,0.85,1.8781639970992947
-0.8304495233260755,3.556837015131656,1.075,2.0541117301646468
-1.2474777688078993,3.4387987050089848,0.875,1.899835519196333
-1.555662714610876,3.677099379041281,0.675,1.7086178624841777
-1.0635857503122976,3.931861001186681,0.9,1.9209372712298547
-1.111736859806629,3.344461106010328,0.675,1.7086178624841777
-1.1567928131607303,3.522017842537843,0.575,1.595109714094927
-1.2856842446428818,3.9092446281396613,0.725,1.7605041891458255
-0.7919135290101136,3.1570494613277327,1.025,2.018508112443445
-1.4812975433692201,3.9184515875299177,0.95,1.9615045245933032
-0.9360181093135125,3.3638292515565356,0.675,1.7086178624841777
-1.2393438769372094,3.8330365812404885,0.75,1.7853571071357126
-0.8722319246520853,3.5334369454456183,1.0,2.0
-0.5989463510385575,3.429955170609715,0.85,1.8781639970992947
-0.9615001028529023,3.3998665244234028,0.6,1.6248076809271923
-1.3632230652648558,3.696310023549688,0.975,1.9810035335657532
-1.0635686123883905,3.229108997911903,0.75,1.7853571071357126
-0.6441805425611274,3.426121587853752,0.75,1.7853571071357126
-1.598460834653688,3.7193360266759616,1.025,2.018508112443445
-1.1714325119951934,3.3411119158066382,0.925,1.9414878315353925
-0.9876816409630422,3.9649808530256783,0.75,1.7853571071357126
-1.4299161071869506,3.731836192738596,0.85,1.8781639970992947
-1.0311257297491287,3.4379639573787406,0.9,1.9209372712298547
-0.5770766141188236,3.578875480448753,0.725,1.7605041891458257
-1.106843364737829,3.6465567198868505,0.775,1.8095234179197572
-0.9521178669518423,3.5292327620227497,0.825,1.8559027452967465
-1.0233041811112071,3.478027420965016,0.8,1.8330302779823362
-0.9705291898329448,3.8238652471518133,0.825,1.8559027452967465
-0.9560532601488169,3.297705630295591,0.65,1.6815171720800235
-0.8690158557340334,3.6728675836242033,0.75,1.7853571071357126
-0.915131966146075,3.2070370914620545,0.925,1.9414878315353925
-0.9998395901716457,3.9470974222432442,1.05,2.03654118544163
-1.1982305453607565,3.6376063217669254,0.875,1.899835519196333
-1.1255473425731963,3.6345741374870526,0.675,1.7086178624841777
-1.059784026004216,3.858643564577272,0.7,1.7349351572897471
-0.6883872869547156,3.0535387575687625,1.025,2.018508112443445
-0.884411987232879,3.798892390002019,0.85,1.8781639970992947
-1.2039327633562023,3.7194505359125545,0.9,1.9209372712298547
-1.1039427924796097,3.5277741313969795,0.95,1.9615045245933034
-1.1271724389180573,3.6470978568591805,1.1,2.071231517720798
-1.005370682200404,3.5196013826445864,0.975,1.9810035335657532
-1.087160570489445,3.426541134824953,0.975,1.9810035335657534
-1.073082944994221,3.446835166223967,0.825,1.8559027452967463
-0.9964969532748822,3.7604580327747525,0.9,1.9209372712298547
-1.1561142545686633,3.8618648451627,0.75,1.7853571071357126
-1.1894208391688794,3.668342083506467,0.75,1.7853571071357126
-1.1464508172464236,3.8320406574437182,0.625,1.653594569415369
-1.2625862152629619,3.7008451660130866,0.8,1.8330302779823362
-1.738290672340166,3.673538534454686,0.8,1.8330302779823362
-0.8090521099657854,3.350777357122975,1.075,2.0541117301646468
-1.1914046106816536,3.469774942965805,0.95,1.9615045245933034
-0.8854063761667169,3.4001929094196512,1.05,2.03654118544163
-0.9367811644383893,3.591942031947766,0.7,1.7349351572897471
-1.1063792177483303,3.452138685107068,0.975,1.9810035335657532
-1.3303427444050584,3.3071962204950633,0.8,1.8330302779823362
-0.7551060229095722,3.2888035303897922,0.925,1.9414878315353925
-1.380470496557105,3.974027322631362,0.825,1.8559027452967463
-1.1154509965210406,3.229308356034583,0.775,1.8095234179197572
-0.8888968763838596,3.7490407513406128,0.775,1.8095234179197572
-1.3259898016411125,3.6633980250401716,1.1,2.071231517720798
-0.6454764647691037,3.28761441379718,1.0,2.0
-1.2196628560287837,3.5799810775153453,0.875,1.899835519196333
-1.0253590271366806,3.6297773641517477,1.0,2.0
-1.114134351215682,4.049435640422701,0.7,1.7349351572897471
-1.1549629877971233,3.5264353266935076,1.0,2.0
-1.230806406971348,3.6380808310743324,1.15,2.1041625412500813
-0.7643384455994976,3.5529861723283296,0.825,1.8559027452967463
-1.7778619880829072,4.003847193373599,0.6,1.624807680927192
-1.390147331117668,3.6140963564736435,1.0,2.0
-0.9862497492529368,3.5614485026243274,0.925,1.9414878315353925
-0.9353337290508011,3.311602939803445,1.225,2.1504360023027886
-0.6775647884029463,3.8292822592279494,0.95,1.9615045245933034
-1.2499859898624748,3.771005093677728,0.9,1.9209372712298547
-0.48152605931224374,3.2415406255260124,0.9,1.9209372712298547
-1.3242542623699052,3.4219557770530478,0.725,1.7605041891458257
-1.6323479288357838,4.060275240838086,0.725,1.7605041891458255
-0.9987665389371188,3.7059240350190676,0.825,1.8559027452967463
-1.3366068771047805,3.4178679654565256,0.95,1.9615045245933034
-1.0017951934392622,3.6165751105214152,0.775,1.8095234179197572
-1.2836064839342836,3.668425057851242,0.85,1.8781639970992947
-0.5110066393705527,3.510275214812032,0.8,1.8330302779823362
-0.7209126487418394,3.6377400203701225,0.7,1.7349351572897471
-1.2004330664584808,3.4473303334308447,1.05,2.03654118544163
-0.575833690161331,3.256016777965513,0.95,1.9615045245933034
-1.3953594474071525,3.4991106043666056,0.875,1.899835519196333
-0.988928856905535,3.588534693130524,0.725,1.7605041891458255
-0.5493999408937963,3.645175943262694,0.725,1.7605041891458255
-0.9927678987602431,3.703656624661945,0.8,1.8330302779823362
-0.9224303763514625,3.66270382263792,0.875,1.899835519196333
-0.9364836347110557,3.6299850723724356,0.825,1.8559027452967463
-1.0656883546761424,3.616639233543959,1.025,2.018508112443445
-0.4068728987587906,3.4258972284385854,0.875,1.899835519196333
-1.1561296165402974,3.5450688746286683,0.875,1.899835519196333
-1.1312290069741737,3.558895381938063,0.975,1.9810035335657532
-0.4745744002631889,3.419606770079104,0.85,1.8781639970992947
-1.2801526045928215,3.599279249018061,0.825,1.8559027452967463
-0.6910763536600578,3.249273585983868,0.75,1.7853571071357126
-0.9866602031204517,3.5868571226445605,0.75,1.7853571071357126
-0.9947339767496913,3.376612426770397,0.825,1.8559027452967463
-0.5609049253946217,3.075798072836543,1.125,2.0879116360612584
-0.8949181747509573,3.501244521537266,0.925,1.9414878315353925
-1.0085816599561226,3.2716647021972163,0.875,1.899835519196333
-1.0632553098725415,3.555913046855586,1.225,2.1504360023027886
-1.0953383150429412,3.358094346909352,0.975,1.9810035335657532
-0.9910853305191296,3.5194649455451725,1.0,2.0
-0.6741511466052006,3.425093805632097,0.875,1.899835519196333
-1.356413236842826,3.6643241710884147,0.875,1.899835519196333
-1.0711915975902138,3.547989060444445,1.1,2.071231517720798
-0.958224992224375,3.617938738086457,0.875,1.899835519196333
-1.0536181915160436,3.76955610640184,0.925,1.9414878315353925
-1.0544162280786995,3.9161382770031046,0.8,1.8330302779823362
-0.9847452538874422,3.5047828732625876,0.925,1.9414878315353925
-0.9291941103380055,3.4693438480342405,0.925,1.9414878315353925
-0.8228835479609516,3.504313213469458,0.95,1.9615045245933034
-0.6724612983645646,3.1626317379830744,0.75,1.7853571071357126
-0.8891834232474508,3.5190360682318307,1.3,2.1931712199461306
-1.0036351492081343,3.8067866553689993,0.6,1.624807680927192
-1.155798851433579,3.331715801801346,1.0,2.0
-1.1146353549856527,3.765544141317455,0.8,1.8330302779823362
-0.7935058449227459,3.363198019277694,1.025,2.018508112443445
-1.0649235943051298,3.6020210813357187,1.0,2.0
-1.0269142830719091,3.450978909865845,0.975,1.9810035335657532
-0.658512611425071,3.5169870214428074,0.875,1.899835519196333
-0.6390236264236271,3.911198901982568,0.75,1.7853571071357126
-1.2433343262862115,3.4991924413541224,0.95,1.9615045245933034
-1.16106118367873,4.12127692881721,1.0,2.0
-0.8014086873413063,3.547288433430736,0.875,1.899835519196333
-1.4698394869309825,3.8879139517790824,0.95,1.9615045245933034
-1.3008273193369029,3.4987200248654777,0.75,1.7853571071357126
-0.6880753991774331,3.4198705634031534,1.075,2.054111730164647
-1.318963940302179,3.434196842268821,1.275,2.179306082219751
-0.8201418612577223,3.594967559589952,0.725,1.7605041891458255
-0.9999482391853172,3.5354330284084665,0.75,1.7853571071357126
-0.7342112410398566,3.423518111697949,1.025,2.018508112443445
-0.7762975245153289,3.5285781423440308,0.875,1.899835519196333
-0.6070843205767764,3.599027058916324,0.7,1.7349351572897471
-0.8864740053167144,3.731454074135749,0.95,1.9615045245933034
-0.8444644363609167,3.662662089119472,1.025,2.018508112443445
-1.0768640748114842,3.796823616991062,0.875,1.899835519196333
-0.8485904929609728,3.5483925422640565,0.95,1.9615045245933034
-1.3197388108004495,3.738650184224213,0.7,1.7349351572897471
-1.0387761638715214,3.7006857202715944,0.675,1.7086178624841777
-1.118849018282912,3.6062932550218556,1.15,2.104162541250081
-0.7223378945462607,3.5482753542808223,0.875,1.899835519196333
-0.9048506961266909,3.299042494565497,0.975,1.9810035335657534
-1.5373110476108487,3.628264664185597,1.075,2.0541117301646468
-0.8857085676924457,3.5948091837551117,0.95,1.9615045245933034
-0.7230714372421254,3.4290091121181656,0.75,1.7853571071357126
-0.6330542747759076,2.990166854345926,0.875,1.899835519196333
-1.4417215615471626,3.686401706434818,1.05,2.03654118544163
-1.0769237701655987,3.6777000435028775,0.85,1.8781639970992947
-0.7522045086781861,3.413128922626719,0.775,1.8095234179197572
-1.2781473159221903,3.481578873416397,0.85,1.8781639970992947
-0.9247284764714838,3.4620007766119176,0.925,1.9414878315353925
-0.7958109836012532,3.051683051251605,1.025,2.018508112443445
-1.214103065106518,3.4398661223875027,0.875,1.899835519196333
-0.6977845867385565,3.520939228392088,1.0,2.0
-0.9445235363423676,3.546701362537197,0.975,1.9810035335657534
-1.0103940841830723,3.7821700930009583,0.85,1.8781639970992947
-0.8032022232959629,3.4775567222131976,0.95,1.9615045245933034
-0.8682088733369696,3.7324147472602136,1.0,2.0
-1.0098936978391044,3.5754957655093866,1.0,2.0
-1.013093073040361,3.6462403380922512,0.925,1.9414878315353925
-1.2957735000534631,3.9001921729861313,0.775,1.8095234179197572
-0.8185471611088927,3.413831681082258,0.95,1.9615045245933034
-0.9333790014836256,3.6854730349868565,0.85,1.8781639970992947
-0.9465762621910272,3.407849153154285,0.85,1.8781639970992947
-1.1376691116894582,3.605808102378666,0.9,1.9209372712298547
-0.5796928168339968,3.116941673880922,0.95,1.9615045245933034
-0.7405483899801414,3.5791845827005075,1.05,2.03654118544163
-1.1266274679589645,3.634109687592631,0.925,1.9414878315353925
-0.26321640459655354,3.097402398870108,1.0,2.0
-1.0592562309159883,3.6889087870601824,0.675,1.7086178624841777
-0.895543915895664,3.4484423528701837,1.0,2.0
-0.6512433966883466,3.165377740623844,0.9,1.9209372712298547
-1.010829888885197,3.46050288306495,1.075,2.0541117301646468
-0.7202109121298058,3.3354887587068522,0.9,1.9209372712298547
-0.8899482590501683,3.439749988180435,0.85,1.8781639970992947
-0.6822291382475325,3.7017218475809206,0.95,1.9615045245933034
-0.996108632006868,3.7496621150279745,0.8,1.8330302779823362
-1.253783940815465,3.9455148062847556,0.95,1.9615045245933034
-1.3079886381379884,3.857351920447892,1.0,2.0
-1.254189270516549,3.636057046776181,0.85,1.8781639970992947
-0.8942667331180487,3.15580357296142,1.225,2.1504360023027886
-0.8617849949004381,3.3334083316398124,1.0,2.0
-1.186443593613774,3.3908405692841113,0.825,1.8559027452967463
-0.9881222274874716,3.4768202232354755,0.85,1.8781639970992947
-0.5953799579194928,3.3927342255192396,0.85,1.8781639970992947
-0.6865128856682656,3.2554830685496965,0.85,1.8781639970992947
-0.7290173370232987,3.4621631677797944,1.0,2.0
-0.5579083719678887,3.396656486797485,0.625,1.653594569415369
-1.0332379878582492,3.6654993566091565,0.85,1.8781639970992947
-1.0463828874308174,3.4446730547057403,0.925,1.9414878315353925
-0.7273401179536623,3.617054566557712,0.925,1.9414878315353925
-1.066462067083358,3.554805744643373,0.875,1.899835519196333
-1.0839581600128971,3.5448618682950817,0.75,1.7853571071357126
-1.0382727108228145,3.00813677282471,0.825,1.8559027452967463
-1.1715005933627363,3.310154409053081,0.775,1.8095234179197572
-1.0911704372929438,3.5853776479579365,0.925,1.9414878315353925
-0.7452201352210658,3.131318823646945,1.0,2.0
-0.8251264342013204,3.1946031421064958,0.9,1.9209372712298547
-1.0692615213255303,3.5405752986137324,0.775,1.8095234179197572
-0.8138707303247733,3.1977763715144953,1.2,2.1354156504062622
-0.6587179153422628,3.3710964658238214,0.85,1.8781639970992947
-0.6590350783720632,3.324860897512954,0.925,1.9414878315353925
-0.427409772960187,3.2283827120923516,1.05,2.03654118544163
-1.1329237303031845,3.4028924224373114,1.1,2.071231517720798
-0.6521363409106885,3.247760995135325,0.85,1.8781639970992947
-0.9535498671072101,3.547333082227389,1.0,2.0
-0.727096905496279,3.450210995991677,1.05,2.03654118544163
-0.9803467527132976,3.389260885495283,1.075,2.0541117301646468
-0.7571591818120135,3.3592298138382635,0.825,1.8559027452967463
-0.8187440437823068,3.6747678412711107,0.8,1.8330302779823362
-0.4889573829799343,3.26842145844519,1.05,2.03654118544163
-0.945558547309759,3.242655320961819,1.15,2.1041625412500813
-1.4316006916723103,4.090720433625165,0.675,1.7086178624841777
-0.6886367500894326,3.763783767741582,0.925,1.9414878315353925
-0.6145916159695374,3.344331458974823,0.65,1.6815171720800235
-0.651991187287186,3.2465945512680605,1.0,2.0
-0.6542008171511832,3.213071753600636,0.775,1.8095234179197572
-1.159890036047957,3.315340218997659,0.85,1.8781639970992947
-0.9583226810877409,3.7788872135109917,1.0,2.0
-1.1859049395451013,3.732053783200011,0.825,1.8559027452967463
-0.9786634633569298,3.681306353381929,0.9,1.9209372712298547
-1.203866677954832,3.232886110372411,0.825,1.8559027452967463
-0.6216875098025959,3.2005153504387702,1.025,2.018508112443445
-0.8051087622698572,3.4378506057061733,0.925,1.9414878315353925
-0.7939598633350815,3.6969928016070783,1.0,2.0
-1.3028384974062213,3.767720083884556,0.6,1.6248076809271923
-1.3127360350051709,3.546378898843452,0.85,1.8781639970992947
-1.0328795565690212,3.4154378010673754,0.85,1.8781639970992947
-1.0444814864985563,3.6079237271855105,1.025,2.018508112443445
-0.6828484179316274,2.9442069239205493,1.25,2.165063509461097
-1.11493843001737,3.5907418443992998,0.95,1.9615045245933034
-0.5765184698858407,3.4233570049956854,0.9,1.9209372712298547
-1.1418925132996822,3.6589801881220563,1.025,2.018508112443445
-0.8429934222733604,3.4512763033403053,1.075,2.054111730164647
-1.0652794803148038,3.7491570384820347,0.95,1.9615045245933034
-0.7217215980407129,3.6805538528756427,0.75,1.7853571071357126
-0.9400954256676657,3.6122790151231365,1.125,2.0879116360612584
-0.6388855218031078,3.2330132289253495,0.85,1.8781639970992947
-1.0586761377738538,3.3837987929222795,1.1,2.071231517720798
-0.5824155960894162,3.2001500062084625,0.8,1.8330302779823362
-1.1330038054338942,3.6577065848068373,0.8,1.8330302779823362
-0.905026211929284,3.270603995262209,0.825,1.8559027452967463
-0.8504503926028093,3.4896767660536274,0.85,1.8781639970992947
-0.8245571537005715,3.4209191418536053,0.95,1.9615045245933034
-0.6815073427334296,3.407588728806644,0.775,1.809523417919757
-0.7867550666360915,3.4689180815003606,0.825,1.8559027452967463
-0.6540433524306754,3.5543495427753586,0.875,1.899835519196333
-1.5022854191863102,3.7003458612658435,0.7,1.7349351572897471
-0.4646309490677203,3.1606643269515438,1.125,2.0879116360612584
-1.141103550218268,3.5743337630444487,0.825,1.8559027452967463
-0.7408847893485665,3.508732306790913,0.825,1.8559027452967463
-1.3727368693068498,3.1883045844543023,1.225,2.1504360023027886
-0.8522142074179457,3.458414059246407,1.0,2.0
-0.8693472055752252,3.628603576235931,0.875,1.899835519196333
-0.39527258231424,3.2667100205908373,0.775,1.8095234179197572
-0.5412998217565643,3.4778934073324677,0.95,1.9615045245933034
-1.2154367920382756,3.5898626600243078,0.9,1.9209372712298547
-0.6025390734711873,3.134701762569883,0.825,1.8559027452967463
-1.1049840582042088,3.4726887471480197,0.825,1.8559027452967463
-1.0874079901304858,3.347722569414391,1.025,2.018508112443445
-0.48007165194227175,3.3303232134592164,1.175,2.1199941037653858
-1.0881995112097356,3.6237409788908725,0.8,1.8330302779823362
-1.0535828219069363,3.7684200531032057,0.825,1.8559027452967463
-0.6524707080871472,3.5831633517176478,1.15,2.1041625412500813
-0.7274792553723799,3.486163807943673,0.775,1.8095234179197572
-0.5819225717133495,3.2070323765240376,0.825,1.8559027452967465
-1.2049770444689865,3.5637220095611433,0.575,1.595109714094927
-0.8950421555600542,3.4527377980040135,1.025,2.018508112443445
-0.9368499264387676,3.7240151003410493,1.025,2.018508112443445
-0.9568193119791811,3.6104835351646427,1.0,2.0
-1.1479121406784456,3.601758504844582,0.925,1.9414878315353925
-0.9076096309289781,3.5098132120186656,0.85,1.8781639970992947
-1.1815869497928335,3.829241709786599,0.75,1.7853571071357126
-1.2009574782363672,4.125503620677537,0.675,1.7086178624841777
-0.7120512826092548,3.5050973424033987,0.925,1.9414878315353925
-0.9277733212625656,3.619393509957825,1.275,2.179306082219751
-1.1487464136366976,3.3331239904393377,0.675,1.7086178624841777
-0.7224582652893448,3.4826841064336858,1.075,2.0541117301646468
-0.6000651345809599,3.2886332576917603,1.025,2.018508112443445
-0.7741458681924133,3.302697978123533,0.95,1.9615045245933034
-0.803920095234221,3.7420382341851446,0.825,1.8559027452967465
-1.2778162561100939,3.5616163513471952,0.95,1.9615045245933034
-0.4463751789983877,3.2141555176544863,0.95,1.9615045245933034
-1.1439328947484808,3.5957111979744063,0.95,1.9615045245933034
-1.329012440943578,3.6956843206097556,0.925,1.9414878315353925
-0.7165612712847157,3.3698372223819204,0.9,1.9209372712298547
-1.1448981518136012,3.4106800232073806,0.975,1.9810035335657532
-0.9244310021556802,3.425274737661614,1.1,2.071231517720798
-1.2894176674687379,3.4264823317173554,0.65,1.6815171720800235
-0.3951376214771065,3.3563091616855645,0.8,1.8330302779823362
-0.8924438011204334,3.422870799562694,0.85,1.8781639970992947
-0.4731882603323673,3.2892802494220126,1.0,2.0
-0.5712054471444601,3.3656144795300422,0.975,1.9810035335657534
-0.8630680495000334,3.3160174132777516,0.85,1.8781639970992945
-0.6688767668982945,3.673742438374186,0.9,1.9209372712298547
-0.7254758687229165,3.320941662046487,0.925,1.9414878315353925
-0.9850958611466498,3.313131127597262,0.875,1.899835519196333
-0.7452375502925048,3.1582465292741673,0.8,1.8330302779823362
-0.6061860901391932,3.351403240764026,0.875,1.899835519196333
-1.4938568683127331,3.9030505521402477,0.625,1.653594569415369
-0.8206045939775457,3.4852809410892407,1.075,2.0541117301646468
-1.3775910313055284,3.801844524160331,1.125,2.0879116360612584
-0.7694797909745845,3.3044015829399345,0.75,1.7853571071357126
-0.9703314161417502,3.695802539744238,1.125,2.0879116360612584
-1.3323086382863643,3.8278061653931545,0.85,1.8781639970992947
-0.7035093038461391,3.3435057888265347,0.95,1.9615045245933032
-0.7717013740162783,3.4264188134416393,0.85,1.8781639970992947
-0.6492541975355915,3.442658706456835,1.0,2.0
-0.36712025121009745,3.391947538372462,1.025,2.018508112443445
-0.6411400171749813,3.325272330312658,0.925,1.9414878315353925
-0.5801192180371063,3.4938365499891297,0.75,1.7853571071357126
-0.7007860147527626,3.2116538743305547,1.175,2.1199941037653858
-0.8606717291590483,3.5905792625366377,0.8,1.8330302779823362
-0.6047324429388243,3.2358003945858784,0.95,1.9615045245933034
-1.021156939287595,3.623618605504468,1.1,2.071231517720798
-1.1388853772834227,3.6162742010847917,1.0,2.0
-1.0136991619793148,3.262561052967217,1.175,2.1199941037653858
-0.593985988657822,3.2356098467976673,1.1,2.071231517720798
-0.5847584834372611,3.12213913016194,0.925,1.9414878315353923
-0.39974843502008556,3.3100724923987763,1.1,2.071231517720798
-0.9256633064951117,3.54850711052576,0.875,1.899835519196333
-0.8202914298030631,3.433903117859702,1.0,2.0
-0.6921326582460047,3.117255079513875,1.1,2.071231517720798
-0.9097398980384361,3.4830862049794398,0.85,1.8781639970992947
-1.011243689117492,3.357147132437054,0.8,1.8330302779823362
-0.45089668241346786,3.2238141242601626,1.0,2.0
-0.866006454207566,3.545732825151992,1.05,2.03654118544163
-1.074599505391987,3.517840998203966,1.0,2.0
-0.8317018113657659,3.07576446503106,1.175,2.1199941037653858
-0.7427721268671287,3.3599054638228734,1.025,2.018508112443445
-0.9245813752340853,3.603505643104792,0.9,1.9209372712298547
-0.2428773137577288,3.1554276402256667,0.975,1.9810035335657532
-0.5448976339659367,3.2914568263849264,0.975,1.9810035335657534
-1.0166099274506883,3.5058850651197986,0.9,1.9209372712298547
-1.052644936426125,3.5463978397401337,1.0,2.0
-0.5992677462021591,3.2607697610189343,0.95,1.9615045245933032
-0.548527762423267,3.434875268466779,0.9,1.9209372712298547
-0.6443362803730048,3.336459379923348,1.025,2.018508112443445
-0.6690021898664013,3.6820361965721142,1.125,2.0879116360612584
-0.4232939322559525,2.894904294825012,1.075,2.054111730164647
-1.0191533101431154,3.4150485028352966,0.875,1.899835519196333
-0.9426359279013659,3.4898101132515613,1.025,2.018508112443445
-1.0218263495257802,3.4750152425065806,0.8,1.8330302779823362
-0.4550516886495774,3.347833027890919,0.975,1.9810035335657532
-0.7102625958608979,3.328219122395135,0.925,1.9414878315353925
-0.7200253103677765,3.1558572555655444,1.05,2.03654118544163
-0.6658498729907454,3.5521834917004043,0.975,1.9810035335657532
-0.5496402960828959,3.1788367365876797,1.25,2.165063509461097
-0.5827019940895742,3.388058089837236,0.95,1.9615045245933034
-0.5359038337843357,3.1374580481326757,0.875,1.899835519196333
-1.0859095967052537,3.6444237997461513,0.85,1.8781639970992947
-0.782265406529651,3.579385811392499,0.9,1.9209372712298547
-0.9000450876096033,3.0134407650405985,1.3,2.1931712199461306
-1.2370632276094793,3.684018413545471,0.9,1.9209372712298547
-0.9760914030898591,3.613894268796916,1.075,2.0541117301646468
-0.404374656592793,3.397429035491067,0.675,1.7086178624841777
-0.5967866953155118,3.792038872215711,0.775,1.8095234179197572
-0.6880698082389476,3.382830113586819,0.825,1.8559027452967463
-0.7597533885488172,3.574104561108662,0.875,1.899835519196333
-0.2770128524874061,3.402381904269874,1.05,2.03654118544163
-0.7646541951149766,3.1998796389854105,1.15,2.1041625412500813
-1.0948415519328214,3.335710873924972,1.175,2.1199941037653858
-1.036705775394725,3.457310921656315,1.125,2.0879116360612584
-0.47493033207146296,3.2138846157640497,1.05,2.03654118544163
-0.6303097787135269,2.829789977360757,1.3,2.1931712199461306
-0.6348803546308632,3.389324329765841,0.975,1.9810035335657534
-0.7653195518516537,3.6578451213024032,0.875,1.899835519196333
-0.48305243518099117,3.25237680518329,1.125,2.0879116360612584
-0.6732636514600401,3.445960156671742,0.95,1.9615045245933034
-0.9068145563724304,3.34558408088049,1.175,2.1199941037653858
-0.9310903431768041,3.655782403632677,1.05,2.03654118544163
-0.47328433816333404,2.9572885252288184,1.075,2.054111730164647
-0.8492410264692688,3.2550230008589294,0.925,1.9414878315353925
-0.6141028644878506,3.6254459433179367,1.1,2.071231517720798
-1.2587327299709978,3.6142819855999657,0.825,1.8559027452967463
-0.5813718353037579,3.1806297260510976,1.25,2.165063509461097
-0.44542018831305524,3.0760511491656204,0.9,1.9209372712298547
-0.5845724764459856,3.297221479750481,1.025,2.018508112443445
-0.7892819558845982,2.9730294001779667,1.1,2.071231517720798
-0.5076919905790757,3.4221757620135875,0.975,1.9810035335657534
-0.6455348991839622,3.2626008716116686,1.2,2.135415650406262
-0.43600287630044215,3.4859485134396726,1.025,2.018508112443445
-0.8173133000647154,3.1611472215560097,1.15,2.1041625412500813
-0.5614937047501805,3.2435041546342163,0.9,1.9209372712298547
-0.6769255401013102,3.089014730139814,1.25,2.165063509461097
-0.8254277369486281,3.5076260872119005,1.025,2.018508112443445
-0.6369149419738896,3.434396914031901,0.95,1.9615045245933034
-0.36091168336550905,2.9818764987070567,1.025,2.018508112443445
-0.3522169918642012,3.126558297238854,1.15,2.1041625412500813
-0.7903856199032094,3.546689476171868,0.85,1.8781639970992947
-0.9885360992522411,3.552951941216031,1.125,2.0879116360612584
-0.9250185835138466,3.5366734956663612,1.075,2.0541117301646468
-0.5779487939074659,3.2934576838964817,0.975,1.9810035335657532
-0.2564729253586166,3.3905574810977845,0.975,1.9810035335657534
-0.6652152675290394,3.5646747388395306,0.875,1.899835519196333
-0.8263312543209755,3.3751144741828654,0.975,1.9810035335657534
-0.5783255145600631,3.2632476150872027,1.025,2.018508112443445
-0.832954518580786,3.670503868583031,0.975,1.9810035335657532
-0.8930170124641573,3.2471124977630645,0.925,1.9414878315353925
-0.7292518035399405,3.366344659717131,1.175,2.1199941037653858
-0.6229031939309312,3.6397556422387,1.025,2.018508112443445
-0.7082256852230239,3.4565384582350265,1.05,2.03654118544163
-0.4337016669501122,3.379320618204101,0.9,1.9209372712298547
-0.583722341456435,3.322673983520737,1.225,2.1504360023027886
-0.6050474322361958,3.2034015585034212,1.025,2.018508112443445
-0.6073683069899759,3.0851403436888374,1.025,2.018508112443445
-0.6530184134978338,3.324562207034611,0.8,1.8330302779823362
-0.905895032081919,3.621503660045303,0.9,1.9209372712298547
-0.6505204773098668,2.875547435943026,1.05,2.03654118544163
-0.7132110872650759,3.5210794081227164,0.975,1.9810035335657532
-0.5766874401694438,3.194373400733488,0.95,1.9615045245933034
-0.7231537434775294,3.499657441498945,1.0,2.0
-0.7650940520793297,3.5397154500193215,1.0,2.0
-0.25696670734033383,2.802758687779587,1.05,2.03654118544163
-0.6252603436103231,3.101671980664257,0.9,1.9209372712298547
-0.5762922119274586,3.5097263820443727,0.975,1.9810035335657534
-1.0773628522488252,3.41178059530018,0.925,1.9414878315353925
-0.7454160978102954,3.385171311065027,0.975,1.9810035335657534
-0.6409080147575164,3.498110041281478,0.925,1.9414878315353925
-1.0816392740783218,3.4360774825794165,1.125,2.0879116360612584
-0.8717396433431106,3.294671210232812,1.225,2.1504360023027886
-0.6387610194782336,3.212910728572814,1.075,2.0541117301646468
-0.9544348631904467,3.3514026469443285,0.95,1.9615045245933034
-0.43052963680538603,3.4674545300488924,1.0,2.0
-0.5509815715713651,3.5667170130451047,0.9,1.9209372712298547
-0.8868375193409144,3.491447939846981,0.825,1.8559027452967463
-0.45215297579550223,3.204612615534318,1.05,2.03654118544163
-1.0334625874140881,3.4494939823811452,1.075,2.0541117301646468
-0.5002459527912246,3.3167800509594927,1.05,2.03654118544163
0.008642880214754314,2.953268037812474,1.1,2.071231517720798
-0.6808595997890928,3.4603822270104287,1.05,2.03654118544163
-0.4752545490322521,3.0870861410294763,0.85,1.8781639970992947
-0.6068704862468789,3.2014775325150353,1.275,2.179306082219751
-0.677235477422106,3.350650618159564,1.225,2.1504360023027886
-0.5046875746550424,3.3611170056937825,1.0,2.0
-0.29852571125595834,3.041080480719879,1.075,2.0541117301646468
-0.5978123457055534,2.8500571694785797,1.25,2.165063509461097
-0.2163833439153634,2.9269936204265696,1.25,2.165063509461097
-0.6548421334763066,3.180077630098569,1.1,2.071231517720798
-1.126270218047337,3.2905770426944403,1.225,2.1504360023027886
-0.03574242307546426,3.1060421715217124,0.925,1.9414878315353925
-0.39396874733372284,3.395998890395778,0.875,1.899835519196333
-0.5206233852168602,3.2301808079958634,1.1,2.071231517720798
-0.6997415467541999,3.389732980573637,1.05,2.03654118544163
-0.35981522442413266,3.119478201069151,1.05,2.03654118544163
-1.1230431729144854,3.560483314899639,1.0,2.0
-0.7493895882107751,3.512793976847806,0.9,1.9209372712298547
-0.36127970350380556,3.285795533907998,1.075,2.0541117301646468
-0.4844044626912107,3.1749169397576686,0.975,1.9810035335657532
-0.7988139849191058,3.319278069874326,1.025,2.018508112443445
-0.6268638476615064,3.2898788826498904,0.875,1.899835519196333
-0.8670609350551036,3.3565973942265965,1.175,2.119994103765386
-0.6050306581222229,3.1845797429339044,1.125,2.0879116360612584
-0.4415669211409368,3.373439609405278,0.875,1.899835519196333
-0.6891725698919566,3.4154402953627243,0.925,1.9414878315353925
-0.4292689987636248,3.004964822012974,0.95,1.9615045245933034
-0.522333887897153,3.105546463403458,0.975,1.9810035335657534
-0.5439740771518817,3.1537800378222647,0.95,1.9615045245933034
-0.7005277145525668,2.985041297510547,1.1,2.071231517720798
-0.7687411241680447,3.5582827097525,0.875,1.899835519196333
-0.6086799500545922,3.451148447834826,1.0,2.0
-0.13999302065846436,3.159261888999079,1.05,2.03654118544163
-0.3426134434900968,3.069874844247103,0.975,1.9810035335657534
-0.590683730280698,3.3244977563175304,1.0,2.0
-0.6092988717349791,3.40055188556058,0.95,1.9615045245933034
-0.6143709455845223,3.5273542809653993,1.025,2.018508112443445
-0.7068499703978292,3.3399645524287704,0.725,1.7605041891458255
-0.6910454135199257,3.3233653065182476,1.0,2.0
-0.3244643010301307,3.2870168355819582,1.075,2.0541117301646468
-0.34206761194745794,2.868327822005128,1.0,2.0
-0.6857110988269192,3.291853917642682,1.1,2.071231517720798
-0.3936905666515756,3.4004058180571186,1.05,2.03654118544163
-0.5179144555941414,3.1750757106149083,1.025,2.018508112443445
-0.27620757341208224,2.949964168002756,1.0,2.0
-1.0639692536836103,3.475756141464679,1.075,2.0541117301646468
-0.8432622417056421,3.2080060258266974,1.225,2.1504360023027886
-0.7857281672443812,3.2886258080043,1.1,2.071231517720798
-0.7345844389293424,3.188258154040262,0.875,1.899835519196333
-0.7741615084098135,3.0870442627423094,0.85,1.8781639970992947
-818074.4868144708,1.1641532182693481e-10,0.0,0.0
FAILED
